ISO-10303-21;
HEADER;
/* Generated by software containing ST-Developer
 * from STEP Tools, Inc. (www.steptools.com) 
 */
/* OPTION: strings as raw bytes, not using required /X/ escapes */

FILE_DESCRIPTION(
/* description */ ('Unknown'),
/* implementation_level */ '2;1');

FILE_NAME(
/* name */ '74439369xxx',
/* time_stamp */ '2021-07-06T11:30:30+02:00',
/* author */ ('Unknown'),
/* organization */ ('Unknown'),
/* preprocessor_version */ 'ST-DEVELOPER v16.7',
/* originating_system */ 'Solid Edge',
/* authorisation */ 'Unknown');

FILE_SCHEMA (('AUTOMOTIVE_DESIGN {1 0 10303 214 3 1 1}'));
ENDSEC;

DATA;
#10=PROPERTY_DEFINITION_REPRESENTATION(#14,#12);
#11=PROPERTY_DEFINITION_REPRESENTATION(#15,#13);
#12=REPRESENTATION('',(#16),#4120);
#13=REPRESENTATION('',(#17),#4120);
#14=PROPERTY_DEFINITION('pmi validation property','',#4125);
#15=PROPERTY_DEFINITION('pmi validation property','',#4125);
#16=VALUE_REPRESENTATION_ITEM('number of annotations',COUNT_MEASURE(0.));
#17=VALUE_REPRESENTATION_ITEM('number of views',COUNT_MEASURE(0.));
#18=SHAPE_REPRESENTATION_RELATIONSHIP('','',#2530,#19);
#19=ADVANCED_BREP_SHAPE_REPRESENTATION('',(#2528),#4120);
#20=B_SPLINE_SURFACE_WITH_KNOTS('',3,1,((#3528,#3529),(#3530,#3531),(#3532,
#3533),(#3534,#3535)),.SURF_OF_LINEAR_EXTRUSION.,.F.,.F.,.F.,(4,4),(2,2),
(0.143862409000418,0.252141463961407),(0.,1.),.PIECEWISE_BEZIER_KNOTS.);
#21=B_SPLINE_SURFACE_WITH_KNOTS('',3,1,((#3545,#3546),(#3547,#3548),(#3549,
#3550),(#3551,#3552),(#3553,#3554),(#3555,#3556),(#3557,#3558),(#3559,#3560),
(#3561,#3562),(#3563,#3564),(#3565,#3566)),.SURF_OF_LINEAR_EXTRUSION.,.F.,
 .F.,.F.,(4,1,1,1,1,1,1,1,4),(2,2),(0.252141463961407,0.265839292492296,
0.27268820675774,0.276112663890462,0.279537121023184,0.293234949554073,
0.306932778084961,0.334328435146738,0.361724092208515),(0.,1.),
 .UNSPECIFIED.);
#22=B_SPLINE_SURFACE_WITH_KNOTS('',3,1,((#3583,#3584),(#3585,#3586),(#3587,
#3588),(#3589,#3590),(#3591,#3592)),.SURF_OF_LINEAR_EXTRUSION.,.F.,.F.,
 .F.,(4,1,4),(2,2),(0.381403849543301,0.435974677163094,0.490545504782887),
(0.,1.),.UNSPECIFIED.);
#23=B_SPLINE_SURFACE_WITH_KNOTS('',3,1,((#3602,#3603),(#3604,#3605),(#3606,
#3607),(#3608,#3609),(#3610,#3611),(#3612,#3613)),
 .SURF_OF_LINEAR_EXTRUSION.,.F.,.F.,.F.,(4,1,1,4),(2,2),(0.490545504782887,
0.517719581964075,0.544893659145263,0.599241813507638),(0.,1.),
 .UNSPECIFIED.);
#24=B_SPLINE_SURFACE_WITH_KNOTS('',3,1,((#3644,#3645),(#3646,#3647),(#3648,
#3649),(#3650,#3651),(#3652,#3653),(#3654,#3655),(#3656,#3657),(#3658,#3659),
(#3660,#3661),(#3662,#3663)),.SURF_OF_LINEAR_EXTRUSION.,.F.,.F.,.F.,(4,
1,1,1,1,1,1,4),(2,2),(0.758918150194372,0.786914195958952,0.814910241723532,
0.828908264605822,0.842906287488111,0.856904310370401,0.863903321811546,
0.870902333252691),(0.,1.),.UNSPECIFIED.);
#25=B_SPLINE_SURFACE_WITH_KNOTS('',3,1,((#3673,#3674),(#3675,#3676),(#3677,
#3678),(#3679,#3680),(#3681,#3682),(#3683,#3684),(#3685,#3686)),
 .SURF_OF_LINEAR_EXTRUSION.,.F.,.F.,.F.,(4,1,1,1,4),(2,2),(0.870902333252691,
0.884906206905886,0.898910080559081,0.92691782786547,0.982933322478248),
(0.,1.),.UNSPECIFIED.);
#26=B_SPLINE_SURFACE_WITH_KNOTS('',3,1,((#3786,#3787),(#3788,#3789),(#3790,
#3791),(#3792,#3793),(#3794,#3795),(#3796,#3797)),
 .SURF_OF_LINEAR_EXTRUSION.,.F.,.F.,.F.,(4,1,1,4),(2,2),(0.284044078698985,
0.325091318923502,0.345614939035761,0.36613855914802),(0.,1.),
 .UNSPECIFIED.);
#27=B_SPLINE_SURFACE_WITH_KNOTS('',3,1,((#3807,#3808),(#3809,#3810),(#3811,
#3812),(#3813,#3814),(#3815,#3816)),.SURF_OF_LINEAR_EXTRUSION.,.F.,.F.,
 .F.,(4,1,4),(2,2),(0.36613855914802,0.408098185600637,0.450057812053253),
(0.,1.),.UNSPECIFIED.);
#28=B_SPLINE_SURFACE_WITH_KNOTS('',3,1,((#3854,#3855),(#3856,#3857),(#3858,
#3859),(#3860,#3861)),.SURF_OF_LINEAR_EXTRUSION.,.F.,.F.,.F.,(4,4),(2,2),
(0.773904789687309,0.865870457412099),(0.,1.),.PIECEWISE_BEZIER_KNOTS.);
#29=B_SPLINE_SURFACE_WITH_KNOTS('',3,1,((#3907,#3908),(#3909,#3910),(#3911,
#3912),(#3913,#3914),(#3915,#3916),(#3917,#3918)),
 .SURF_OF_LINEAR_EXTRUSION.,.F.,.F.,.F.,(4,1,1,4),(2,2),(0.283985622171644,
0.324959996700847,0.345447183965448,0.36593437123005),(0.,1.),
 .UNSPECIFIED.);
#30=B_SPLINE_SURFACE_WITH_KNOTS('',3,1,((#3928,#3929),(#3930,#3931),(#3932,
#3933),(#3934,#3935),(#3936,#3937)),.SURF_OF_LINEAR_EXTRUSION.,.F.,.F.,
 .F.,(4,1,4),(2,2),(0.36593437123005,0.407867741946108,0.449801112662167),
(0.,1.),.UNSPECIFIED.);
#31=B_SPLINE_SURFACE_WITH_KNOTS('',3,1,((#3975,#3976),(#3977,#3978),(#3979,
#3980),(#3981,#3982)),.SURF_OF_LINEAR_EXTRUSION.,.F.,.F.,.F.,(4,4),(2,2),
(0.774034753162754,0.865947557415635),(0.,1.),.PIECEWISE_BEZIER_KNOTS.);
#32=B_SPLINE_SURFACE_WITH_KNOTS('',3,1,((#4028,#4029),(#4030,#4031),(#4032,
#4033),(#4034,#4035),(#4036,#4037),(#4038,#4039)),
 .SURF_OF_LINEAR_EXTRUSION.,.F.,.F.,.F.,(4,1,1,4),(2,2),(0.284044078698985,
0.325091318923502,0.345614939035761,0.36613855914802),(0.,1.),
 .UNSPECIFIED.);
#33=B_SPLINE_SURFACE_WITH_KNOTS('',3,1,((#4049,#4050),(#4051,#4052),(#4053,
#4054),(#4055,#4056),(#4057,#4058)),.SURF_OF_LINEAR_EXTRUSION.,.F.,.F.,
 .F.,(4,1,4),(2,2),(0.36613855914802,0.408098185600637,0.450057812053253),
(0.,1.),.UNSPECIFIED.);
#34=B_SPLINE_SURFACE_WITH_KNOTS('',3,1,((#4096,#4097),(#4098,#4099),(#4100,
#4101),(#4102,#4103)),.SURF_OF_LINEAR_EXTRUSION.,.F.,.F.,.F.,(4,4),(2,2),
(0.773904789687309,0.865870457412099),(0.,1.),.PIECEWISE_BEZIER_KNOTS.);
#35=ELLIPSE('',#2579,0.14142135623731,0.1);
#36=ELLIPSE('',#2580,0.14142135623731,0.1);
#37=ELLIPSE('',#2582,0.14142135623731,0.1);
#38=ELLIPSE('',#2583,0.141421356237309,0.1);
#39=ELLIPSE('',#2585,0.141421356237309,0.1);
#40=ELLIPSE('',#2586,0.14142135623731,0.1);
#41=ELLIPSE('',#2588,0.14142135623731,0.1);
#42=ELLIPSE('',#2589,0.14142135623731,0.1);
#43=CYLINDRICAL_SURFACE('',#2538,0.2);
#44=CYLINDRICAL_SURFACE('',#2541,0.2);
#45=CYLINDRICAL_SURFACE('',#2544,0.2);
#46=CYLINDRICAL_SURFACE('',#2547,0.2);
#47=CYLINDRICAL_SURFACE('',#2569,0.5);
#48=CYLINDRICAL_SURFACE('',#2570,0.5);
#49=CYLINDRICAL_SURFACE('',#2571,0.5);
#50=CYLINDRICAL_SURFACE('',#2572,0.5);
#51=CYLINDRICAL_SURFACE('',#2578,0.1);
#52=CYLINDRICAL_SURFACE('',#2581,0.1);
#53=CYLINDRICAL_SURFACE('',#2584,0.1);
#54=CYLINDRICAL_SURFACE('',#2587,0.1);
#55=CYLINDRICAL_SURFACE('',#2594,0.5);
#56=CIRCLE('',#2533,0.5);
#57=CIRCLE('',#2539,0.2);
#58=CIRCLE('',#2540,0.2);
#59=CIRCLE('',#2542,0.2);
#60=CIRCLE('',#2543,0.2);
#61=CIRCLE('',#2545,0.2);
#62=CIRCLE('',#2546,0.2);
#63=CIRCLE('',#2548,0.2);
#64=CIRCLE('',#2549,0.2);
#65=CIRCLE('',#2553,0.5);
#66=CIRCLE('',#2554,0.5);
#67=CIRCLE('',#2557,0.5);
#68=CIRCLE('',#2558,0.5);
#69=CIRCLE('',#2562,0.5);
#70=CIRCLE('',#2563,0.5);
#71=CIRCLE('',#2566,0.5);
#72=CIRCLE('',#2567,0.5);
#73=CIRCLE('',#2574,0.1);
#74=CIRCLE('',#2575,0.1);
#75=CIRCLE('',#2576,0.1);
#76=CIRCLE('',#2577,0.1);
#77=CIRCLE('',#2595,0.5);
#78=LINE('',#3106,#195);
#79=LINE('',#3109,#196);
#80=LINE('',#3111,#197);
#81=LINE('',#3113,#198);
#82=LINE('',#3338,#199);
#83=LINE('',#3341,#200);
#84=LINE('',#3343,#201);
#85=LINE('',#3345,#202);
#86=LINE('',#3347,#203);
#87=LINE('',#3350,#204);
#88=LINE('',#3352,#205);
#89=LINE('',#3354,#206);
#90=LINE('',#3356,#207);
#91=LINE('',#3359,#208);
#92=LINE('',#3361,#209);
#93=LINE('',#3363,#210);
#94=LINE('',#3365,#211);
#95=LINE('',#3368,#212);
#96=LINE('',#3370,#213);
#97=LINE('',#3372,#214);
#98=LINE('',#3386,#215);
#99=LINE('',#3389,#216);
#100=LINE('',#3391,#217);
#101=LINE('',#3393,#218);
#102=LINE('',#3394,#219);
#103=LINE('',#3397,#220);
#104=LINE('',#3399,#221);
#105=LINE('',#3401,#222);
#106=LINE('',#3403,#223);
#107=LINE('',#3405,#224);
#108=LINE('',#3407,#225);
#109=LINE('',#3409,#226);
#110=LINE('',#3414,#227);
#111=LINE('',#3417,#228);
#112=LINE('',#3419,#229);
#113=LINE('',#3423,#230);
#114=LINE('',#3427,#231);
#115=LINE('',#3428,#232);
#116=LINE('',#3430,#233);
#117=LINE('',#3432,#234);
#118=LINE('',#3434,#235);
#119=LINE('',#3436,#236);
#120=LINE('',#3440,#237);
#121=LINE('',#3444,#238);
#122=LINE('',#3446,#239);
#123=LINE('',#3448,#240);
#124=LINE('',#3454,#241);
#125=LINE('',#3455,#242);
#126=LINE('',#3461,#243);
#127=LINE('',#3466,#244);
#128=LINE('',#3470,#245);
#129=LINE('',#3474,#246);
#130=LINE('',#3494,#247);
#131=LINE('',#3495,#248);
#132=LINE('',#3497,#249);
#133=LINE('',#3499,#250);
#134=LINE('',#3506,#251);
#135=LINE('',#3513,#252);
#136=LINE('',#3520,#253);
#137=LINE('',#3527,#254);
#138=LINE('',#3544,#255);
#139=LINE('',#3575,#256);
#140=LINE('',#3582,#257);
#141=LINE('',#3601,#258);
#142=LINE('',#3622,#259);
#143=LINE('',#3629,#260);
#144=LINE('',#3636,#261);
#145=LINE('',#3643,#262);
#146=LINE('',#3672,#263);
#147=LINE('',#3696,#264);
#148=LINE('',#3701,#265);
#149=LINE('',#3706,#266);
#150=LINE('',#3711,#267);
#151=LINE('',#3716,#268);
#152=LINE('',#3721,#269);
#153=LINE('',#3726,#270);
#154=LINE('',#3731,#271);
#155=LINE('',#3736,#272);
#156=LINE('',#3741,#273);
#157=LINE('',#3746,#274);
#158=LINE('',#3751,#275);
#159=LINE('',#3757,#276);
#160=LINE('',#3764,#277);
#161=LINE('',#3771,#278);
#162=LINE('',#3778,#279);
#163=LINE('',#3785,#280);
#164=LINE('',#3806,#281);
#165=LINE('',#3825,#282);
#166=LINE('',#3832,#283);
#167=LINE('',#3839,#284);
#168=LINE('',#3846,#285);
#169=LINE('',#3853,#286);
#170=LINE('',#3870,#287);
#171=LINE('',#3878,#288);
#172=LINE('',#3885,#289);
#173=LINE('',#3892,#290);
#174=LINE('',#3899,#291);
#175=LINE('',#3906,#292);
#176=LINE('',#3927,#293);
#177=LINE('',#3946,#294);
#178=LINE('',#3953,#295);
#179=LINE('',#3960,#296);
#180=LINE('',#3967,#297);
#181=LINE('',#3974,#298);
#182=LINE('',#3991,#299);
#183=LINE('',#3999,#300);
#184=LINE('',#4006,#301);
#185=LINE('',#4013,#302);
#186=LINE('',#4020,#303);
#187=LINE('',#4027,#304);
#188=LINE('',#4048,#305);
#189=LINE('',#4067,#306);
#190=LINE('',#4074,#307);
#191=LINE('',#4081,#308);
#192=LINE('',#4088,#309);
#193=LINE('',#4095,#310);
#194=LINE('',#4112,#311);
#195=VECTOR('',#2652,1000.);
#196=VECTOR('',#2653,1000.);
#197=VECTOR('',#2654,1000.);
#198=VECTOR('',#2655,1000.);
#199=VECTOR('',#2660,1000.);
#200=VECTOR('',#2661,1000.);
#201=VECTOR('',#2662,1000.);
#202=VECTOR('',#2663,1000.);
#203=VECTOR('',#2666,1000.);
#204=VECTOR('',#2667,1000.);
#205=VECTOR('',#2668,1000.);
#206=VECTOR('',#2669,1000.);
#207=VECTOR('',#2672,1000.);
#208=VECTOR('',#2673,1000.);
#209=VECTOR('',#2674,1000.);
#210=VECTOR('',#2675,1000.);
#211=VECTOR('',#2678,1000.);
#212=VECTOR('',#2679,1000.);
#213=VECTOR('',#2680,1000.);
#214=VECTOR('',#2681,1000.);
#215=VECTOR('',#2708,1000.);
#216=VECTOR('',#2709,1000.);
#217=VECTOR('',#2710,1000.);
#218=VECTOR('',#2711,1000.);
#219=VECTOR('',#2712,1000.);
#220=VECTOR('',#2713,1000.);
#221=VECTOR('',#2714,1000.);
#222=VECTOR('',#2715,1000.);
#223=VECTOR('',#2718,1000.);
#224=VECTOR('',#2719,1000.);
#225=VECTOR('',#2720,1000.);
#226=VECTOR('',#2723,1000.);
#227=VECTOR('',#2726,1000.);
#228=VECTOR('',#2731,1000.);
#229=VECTOR('',#2732,1000.);
#230=VECTOR('',#2737,1000.);
#231=VECTOR('',#2742,1000.);
#232=VECTOR('',#2743,1000.);
#233=VECTOR('',#2746,1000.);
#234=VECTOR('',#2747,1000.);
#235=VECTOR('',#2748,1000.);
#236=VECTOR('',#2751,1000.);
#237=VECTOR('',#2754,1000.);
#238=VECTOR('',#2759,1000.);
#239=VECTOR('',#2760,1000.);
#240=VECTOR('',#2763,1000.);
#241=VECTOR('',#2770,1000.);
#242=VECTOR('',#2771,1000.);
#243=VECTOR('',#2782,1000.);
#244=VECTOR('',#2785,1000.);
#245=VECTOR('',#2788,1000.);
#246=VECTOR('',#2791,1000.);
#247=VECTOR('',#2820,1000.);
#248=VECTOR('',#2821,1000.);
#249=VECTOR('',#2824,1000.);
#250=VECTOR('',#2827,1000.);
#251=VECTOR('',#2838,1000.);
#252=VECTOR('',#2839,1000.);
#253=VECTOR('',#2842,1000.);
#254=VECTOR('',#2845,1000.);
#255=VECTOR('',#2846,1000.);
#256=VECTOR('',#2847,1000.);
#257=VECTOR('',#2850,1000.);
#258=VECTOR('',#2851,1000.);
#259=VECTOR('',#2852,1000.);
#260=VECTOR('',#2855,1000.);
#261=VECTOR('',#2858,1000.);
#262=VECTOR('',#2861,1000.);
#263=VECTOR('',#2862,1000.);
#264=VECTOR('',#2867,1000.);
#265=VECTOR('',#2868,1000.);
#266=VECTOR('',#2871,1000.);
#267=VECTOR('',#2874,1000.);
#268=VECTOR('',#2877,1000.);
#269=VECTOR('',#2880,1000.);
#270=VECTOR('',#2883,1000.);
#271=VECTOR('',#2886,1000.);
#272=VECTOR('',#2889,1000.);
#273=VECTOR('',#2892,1000.);
#274=VECTOR('',#2895,1000.);
#275=VECTOR('',#2898,1000.);
#276=VECTOR('',#2905,1000.);
#277=VECTOR('',#2906,1000.);
#278=VECTOR('',#2909,1000.);
#279=VECTOR('',#2912,1000.);
#280=VECTOR('',#2915,1000.);
#281=VECTOR('',#2916,1000.);
#282=VECTOR('',#2917,1000.);
#283=VECTOR('',#2920,1000.);
#284=VECTOR('',#2923,1000.);
#285=VECTOR('',#2926,1000.);
#286=VECTOR('',#2929,1000.);
#287=VECTOR('',#2930,1000.);
#288=VECTOR('',#2937,1000.);
#289=VECTOR('',#2938,1000.);
#290=VECTOR('',#2941,1000.);
#291=VECTOR('',#2944,1000.);
#292=VECTOR('',#2947,1000.);
#293=VECTOR('',#2948,1000.);
#294=VECTOR('',#2949,1000.);
#295=VECTOR('',#2952,1000.);
#296=VECTOR('',#2955,1000.);
#297=VECTOR('',#2958,1000.);
#298=VECTOR('',#2961,1000.);
#299=VECTOR('',#2962,1000.);
#300=VECTOR('',#2969,1000.);
#301=VECTOR('',#2970,1000.);
#302=VECTOR('',#2973,1000.);
#303=VECTOR('',#2976,1000.);
#304=VECTOR('',#2979,1000.);
#305=VECTOR('',#2980,1000.);
#306=VECTOR('',#2981,1000.);
#307=VECTOR('',#2984,1000.);
#308=VECTOR('',#2987,1000.);
#309=VECTOR('',#2990,1000.);
#310=VECTOR('',#2993,1000.);
#311=VECTOR('',#2994,1000.);
#312=ORIENTED_EDGE('',*,*,#850,.T.);
#313=ORIENTED_EDGE('',*,*,#851,.T.);
#314=ORIENTED_EDGE('',*,*,#852,.T.);
#315=ORIENTED_EDGE('',*,*,#853,.T.);
#316=ORIENTED_EDGE('',*,*,#854,.T.);
#317=ORIENTED_EDGE('',*,*,#855,.T.);
#318=ORIENTED_EDGE('',*,*,#856,.T.);
#319=ORIENTED_EDGE('',*,*,#857,.T.);
#320=ORIENTED_EDGE('',*,*,#858,.T.);
#321=ORIENTED_EDGE('',*,*,#859,.T.);
#322=ORIENTED_EDGE('',*,*,#860,.T.);
#323=ORIENTED_EDGE('',*,*,#861,.T.);
#324=ORIENTED_EDGE('',*,*,#862,.T.);
#325=ORIENTED_EDGE('',*,*,#863,.T.);
#326=ORIENTED_EDGE('',*,*,#864,.T.);
#327=ORIENTED_EDGE('',*,*,#865,.T.);
#328=ORIENTED_EDGE('',*,*,#866,.T.);
#329=ORIENTED_EDGE('',*,*,#867,.T.);
#330=ORIENTED_EDGE('',*,*,#868,.T.);
#331=ORIENTED_EDGE('',*,*,#869,.T.);
#332=ORIENTED_EDGE('',*,*,#870,.T.);
#333=ORIENTED_EDGE('',*,*,#871,.T.);
#334=ORIENTED_EDGE('',*,*,#872,.T.);
#335=ORIENTED_EDGE('',*,*,#873,.T.);
#336=ORIENTED_EDGE('',*,*,#874,.T.);
#337=ORIENTED_EDGE('',*,*,#875,.T.);
#338=ORIENTED_EDGE('',*,*,#876,.T.);
#339=ORIENTED_EDGE('',*,*,#877,.T.);
#340=ORIENTED_EDGE('',*,*,#878,.T.);
#341=ORIENTED_EDGE('',*,*,#879,.T.);
#342=ORIENTED_EDGE('',*,*,#880,.T.);
#343=ORIENTED_EDGE('',*,*,#881,.T.);
#344=ORIENTED_EDGE('',*,*,#882,.T.);
#345=ORIENTED_EDGE('',*,*,#883,.T.);
#346=ORIENTED_EDGE('',*,*,#884,.T.);
#347=ORIENTED_EDGE('',*,*,#885,.T.);
#348=ORIENTED_EDGE('',*,*,#886,.T.);
#349=ORIENTED_EDGE('',*,*,#887,.T.);
#350=ORIENTED_EDGE('',*,*,#888,.T.);
#351=ORIENTED_EDGE('',*,*,#889,.T.);
#352=ORIENTED_EDGE('',*,*,#890,.T.);
#353=ORIENTED_EDGE('',*,*,#891,.T.);
#354=ORIENTED_EDGE('',*,*,#892,.T.);
#355=ORIENTED_EDGE('',*,*,#893,.T.);
#356=ORIENTED_EDGE('',*,*,#894,.T.);
#357=ORIENTED_EDGE('',*,*,#895,.T.);
#358=ORIENTED_EDGE('',*,*,#896,.T.);
#359=ORIENTED_EDGE('',*,*,#897,.T.);
#360=ORIENTED_EDGE('',*,*,#898,.T.);
#361=ORIENTED_EDGE('',*,*,#899,.T.);
#362=ORIENTED_EDGE('',*,*,#900,.T.);
#363=ORIENTED_EDGE('',*,*,#901,.T.);
#364=ORIENTED_EDGE('',*,*,#902,.T.);
#365=ORIENTED_EDGE('',*,*,#903,.T.);
#366=ORIENTED_EDGE('',*,*,#904,.T.);
#367=ORIENTED_EDGE('',*,*,#905,.T.);
#368=ORIENTED_EDGE('',*,*,#906,.T.);
#369=ORIENTED_EDGE('',*,*,#907,.T.);
#370=ORIENTED_EDGE('',*,*,#908,.T.);
#371=ORIENTED_EDGE('',*,*,#909,.T.);
#372=ORIENTED_EDGE('',*,*,#910,.T.);
#373=ORIENTED_EDGE('',*,*,#911,.T.);
#374=ORIENTED_EDGE('',*,*,#912,.T.);
#375=ORIENTED_EDGE('',*,*,#913,.T.);
#376=ORIENTED_EDGE('',*,*,#914,.T.);
#377=ORIENTED_EDGE('',*,*,#915,.T.);
#378=ORIENTED_EDGE('',*,*,#916,.T.);
#379=ORIENTED_EDGE('',*,*,#917,.F.);
#380=ORIENTED_EDGE('',*,*,#918,.T.);
#381=ORIENTED_EDGE('',*,*,#919,.F.);
#382=ORIENTED_EDGE('',*,*,#920,.T.);
#383=ORIENTED_EDGE('',*,*,#921,.F.);
#384=ORIENTED_EDGE('',*,*,#922,.T.);
#385=ORIENTED_EDGE('',*,*,#923,.F.);
#386=ORIENTED_EDGE('',*,*,#924,.T.);
#387=ORIENTED_EDGE('',*,*,#925,.F.);
#388=ORIENTED_EDGE('',*,*,#926,.T.);
#389=ORIENTED_EDGE('',*,*,#927,.F.);
#390=ORIENTED_EDGE('',*,*,#928,.T.);
#391=ORIENTED_EDGE('',*,*,#929,.F.);
#392=ORIENTED_EDGE('',*,*,#930,.T.);
#393=ORIENTED_EDGE('',*,*,#931,.F.);
#394=ORIENTED_EDGE('',*,*,#922,.F.);
#395=ORIENTED_EDGE('',*,*,#932,.T.);
#396=ORIENTED_EDGE('',*,*,#924,.F.);
#397=ORIENTED_EDGE('',*,*,#933,.F.);
#398=ORIENTED_EDGE('',*,*,#918,.F.);
#399=ORIENTED_EDGE('',*,*,#934,.T.);
#400=ORIENTED_EDGE('',*,*,#920,.F.);
#401=ORIENTED_EDGE('',*,*,#935,.F.);
#402=ORIENTED_EDGE('',*,*,#930,.F.);
#403=ORIENTED_EDGE('',*,*,#936,.T.);
#404=ORIENTED_EDGE('',*,*,#916,.F.);
#405=ORIENTED_EDGE('',*,*,#937,.F.);
#406=ORIENTED_EDGE('',*,*,#926,.F.);
#407=ORIENTED_EDGE('',*,*,#938,.T.);
#408=ORIENTED_EDGE('',*,*,#928,.F.);
#409=ORIENTED_EDGE('',*,*,#939,.F.);
#410=ORIENTED_EDGE('',*,*,#927,.T.);
#411=ORIENTED_EDGE('',*,*,#939,.T.);
#412=ORIENTED_EDGE('',*,*,#931,.T.);
#413=ORIENTED_EDGE('',*,*,#937,.T.);
#414=ORIENTED_EDGE('',*,*,#919,.T.);
#415=ORIENTED_EDGE('',*,*,#935,.T.);
#416=ORIENTED_EDGE('',*,*,#923,.T.);
#417=ORIENTED_EDGE('',*,*,#933,.T.);
#418=ORIENTED_EDGE('',*,*,#940,.T.);
#419=ORIENTED_EDGE('',*,*,#941,.T.);
#420=ORIENTED_EDGE('',*,*,#942,.T.);
#421=ORIENTED_EDGE('',*,*,#943,.T.);
#422=ORIENTED_EDGE('',*,*,#944,.F.);
#423=ORIENTED_EDGE('',*,*,#945,.F.);
#424=ORIENTED_EDGE('',*,*,#946,.F.);
#425=ORIENTED_EDGE('',*,*,#947,.F.);
#426=ORIENTED_EDGE('',*,*,#948,.T.);
#427=ORIENTED_EDGE('',*,*,#949,.T.);
#428=ORIENTED_EDGE('',*,*,#950,.F.);
#429=ORIENTED_EDGE('',*,*,#941,.F.);
#430=ORIENTED_EDGE('',*,*,#951,.T.);
#431=ORIENTED_EDGE('',*,*,#952,.T.);
#432=ORIENTED_EDGE('',*,*,#953,.F.);
#433=ORIENTED_EDGE('',*,*,#942,.F.);
#434=ORIENTED_EDGE('',*,*,#950,.T.);
#435=ORIENTED_EDGE('',*,*,#954,.T.);
#436=ORIENTED_EDGE('',*,*,#953,.T.);
#437=ORIENTED_EDGE('',*,*,#955,.T.);
#438=ORIENTED_EDGE('',*,*,#956,.F.);
#439=ORIENTED_EDGE('',*,*,#943,.F.);
#440=ORIENTED_EDGE('',*,*,#956,.T.);
#441=ORIENTED_EDGE('',*,*,#957,.T.);
#442=ORIENTED_EDGE('',*,*,#958,.T.);
#443=ORIENTED_EDGE('',*,*,#959,.T.);
#444=ORIENTED_EDGE('',*,*,#948,.F.);
#445=ORIENTED_EDGE('',*,*,#940,.F.);
#446=ORIENTED_EDGE('',*,*,#958,.F.);
#447=ORIENTED_EDGE('',*,*,#960,.T.);
#448=ORIENTED_EDGE('',*,*,#951,.F.);
#449=ORIENTED_EDGE('',*,*,#961,.T.);
#450=ORIENTED_EDGE('',*,*,#962,.F.);
#451=ORIENTED_EDGE('',*,*,#963,.T.);
#452=ORIENTED_EDGE('',*,*,#964,.T.);
#453=ORIENTED_EDGE('',*,*,#945,.T.);
#454=ORIENTED_EDGE('',*,*,#965,.F.);
#455=ORIENTED_EDGE('',*,*,#966,.T.);
#456=ORIENTED_EDGE('',*,*,#967,.F.);
#457=ORIENTED_EDGE('',*,*,#968,.T.);
#458=ORIENTED_EDGE('',*,*,#962,.T.);
#459=ORIENTED_EDGE('',*,*,#944,.T.);
#460=ORIENTED_EDGE('',*,*,#969,.F.);
#461=ORIENTED_EDGE('',*,*,#970,.T.);
#462=ORIENTED_EDGE('',*,*,#965,.T.);
#463=ORIENTED_EDGE('',*,*,#947,.T.);
#464=ORIENTED_EDGE('',*,*,#971,.F.);
#465=ORIENTED_EDGE('',*,*,#972,.T.);
#466=ORIENTED_EDGE('',*,*,#969,.T.);
#467=ORIENTED_EDGE('',*,*,#946,.T.);
#468=ORIENTED_EDGE('',*,*,#964,.F.);
#469=ORIENTED_EDGE('',*,*,#973,.T.);
#470=ORIENTED_EDGE('',*,*,#967,.T.);
#471=ORIENTED_EDGE('',*,*,#974,.T.);
#472=ORIENTED_EDGE('',*,*,#971,.T.);
#473=ORIENTED_EDGE('',*,*,#975,.T.);
#474=ORIENTED_EDGE('',*,*,#959,.F.);
#475=ORIENTED_EDGE('',*,*,#961,.F.);
#476=ORIENTED_EDGE('',*,*,#954,.F.);
#477=ORIENTED_EDGE('',*,*,#949,.F.);
#478=ORIENTED_EDGE('',*,*,#973,.F.);
#479=ORIENTED_EDGE('',*,*,#963,.F.);
#480=ORIENTED_EDGE('',*,*,#968,.F.);
#481=ORIENTED_EDGE('',*,*,#975,.F.);
#482=ORIENTED_EDGE('',*,*,#966,.F.);
#483=ORIENTED_EDGE('',*,*,#970,.F.);
#484=ORIENTED_EDGE('',*,*,#972,.F.);
#485=ORIENTED_EDGE('',*,*,#974,.F.);
#486=ORIENTED_EDGE('',*,*,#952,.F.);
#487=ORIENTED_EDGE('',*,*,#960,.F.);
#488=ORIENTED_EDGE('',*,*,#957,.F.);
#489=ORIENTED_EDGE('',*,*,#955,.F.);
#490=ORIENTED_EDGE('',*,*,#976,.F.);
#491=ORIENTED_EDGE('',*,*,#977,.T.);
#492=ORIENTED_EDGE('',*,*,#978,.F.);
#493=ORIENTED_EDGE('',*,*,#979,.T.);
#494=ORIENTED_EDGE('',*,*,#980,.F.);
#495=ORIENTED_EDGE('',*,*,#981,.T.);
#496=ORIENTED_EDGE('',*,*,#982,.F.);
#497=ORIENTED_EDGE('',*,*,#983,.T.);
#498=ORIENTED_EDGE('',*,*,#921,.T.);
#499=ORIENTED_EDGE('',*,*,#934,.F.);
#500=ORIENTED_EDGE('',*,*,#917,.T.);
#501=ORIENTED_EDGE('',*,*,#936,.F.);
#502=ORIENTED_EDGE('',*,*,#929,.T.);
#503=ORIENTED_EDGE('',*,*,#938,.F.);
#504=ORIENTED_EDGE('',*,*,#925,.T.);
#505=ORIENTED_EDGE('',*,*,#932,.F.);
#506=ORIENTED_EDGE('',*,*,#979,.F.);
#507=ORIENTED_EDGE('',*,*,#984,.T.);
#508=ORIENTED_EDGE('',*,*,#985,.T.);
#509=ORIENTED_EDGE('',*,*,#986,.T.);
#510=ORIENTED_EDGE('',*,*,#987,.T.);
#511=ORIENTED_EDGE('',*,*,#981,.F.);
#512=ORIENTED_EDGE('',*,*,#988,.T.);
#513=ORIENTED_EDGE('',*,*,#989,.T.);
#514=ORIENTED_EDGE('',*,*,#983,.F.);
#515=ORIENTED_EDGE('',*,*,#977,.F.);
#516=ORIENTED_EDGE('',*,*,#990,.T.);
#517=ORIENTED_EDGE('',*,*,#991,.T.);
#518=ORIENTED_EDGE('',*,*,#980,.T.);
#519=ORIENTED_EDGE('',*,*,#985,.F.);
#520=ORIENTED_EDGE('',*,*,#992,.F.);
#521=ORIENTED_EDGE('',*,*,#877,.F.);
#522=ORIENTED_EDGE('',*,*,#993,.F.);
#523=ORIENTED_EDGE('',*,*,#986,.F.);
#524=ORIENTED_EDGE('',*,*,#978,.T.);
#525=ORIENTED_EDGE('',*,*,#991,.F.);
#526=ORIENTED_EDGE('',*,*,#994,.F.);
#527=ORIENTED_EDGE('',*,*,#874,.F.);
#528=ORIENTED_EDGE('',*,*,#992,.T.);
#529=ORIENTED_EDGE('',*,*,#984,.F.);
#530=ORIENTED_EDGE('',*,*,#993,.T.);
#531=ORIENTED_EDGE('',*,*,#876,.F.);
#532=ORIENTED_EDGE('',*,*,#995,.F.);
#533=ORIENTED_EDGE('',*,*,#988,.F.);
#534=ORIENTED_EDGE('',*,*,#982,.T.);
#535=ORIENTED_EDGE('',*,*,#987,.F.);
#536=ORIENTED_EDGE('',*,*,#990,.F.);
#537=ORIENTED_EDGE('',*,*,#976,.T.);
#538=ORIENTED_EDGE('',*,*,#989,.F.);
#539=ORIENTED_EDGE('',*,*,#995,.T.);
#540=ORIENTED_EDGE('',*,*,#875,.F.);
#541=ORIENTED_EDGE('',*,*,#994,.T.);
#542=ORIENTED_EDGE('',*,*,#996,.T.);
#543=ORIENTED_EDGE('',*,*,#878,.F.);
#544=ORIENTED_EDGE('',*,*,#996,.F.);
#545=ORIENTED_EDGE('',*,*,#879,.F.);
#546=ORIENTED_EDGE('',*,*,#997,.F.);
#547=ORIENTED_EDGE('',*,*,#998,.T.);
#548=ORIENTED_EDGE('',*,*,#999,.T.);
#549=ORIENTED_EDGE('',*,*,#880,.F.);
#550=ORIENTED_EDGE('',*,*,#999,.F.);
#551=ORIENTED_EDGE('',*,*,#1000,.T.);
#552=ORIENTED_EDGE('',*,*,#1001,.T.);
#553=ORIENTED_EDGE('',*,*,#881,.F.);
#554=ORIENTED_EDGE('',*,*,#1001,.F.);
#555=ORIENTED_EDGE('',*,*,#1002,.T.);
#556=ORIENTED_EDGE('',*,*,#1003,.T.);
#557=ORIENTED_EDGE('',*,*,#882,.F.);
#558=ORIENTED_EDGE('',*,*,#1003,.F.);
#559=ORIENTED_EDGE('',*,*,#1004,.T.);
#560=ORIENTED_EDGE('',*,*,#1005,.T.);
#561=ORIENTED_EDGE('',*,*,#883,.F.);
#562=ORIENTED_EDGE('',*,*,#1005,.F.);
#563=ORIENTED_EDGE('',*,*,#1006,.T.);
#564=ORIENTED_EDGE('',*,*,#1007,.T.);
#565=ORIENTED_EDGE('',*,*,#884,.F.);
#566=ORIENTED_EDGE('',*,*,#1007,.F.);
#567=ORIENTED_EDGE('',*,*,#1008,.T.);
#568=ORIENTED_EDGE('',*,*,#1009,.T.);
#569=ORIENTED_EDGE('',*,*,#885,.F.);
#570=ORIENTED_EDGE('',*,*,#1009,.F.);
#571=ORIENTED_EDGE('',*,*,#1010,.T.);
#572=ORIENTED_EDGE('',*,*,#1011,.T.);
#573=ORIENTED_EDGE('',*,*,#886,.F.);
#574=ORIENTED_EDGE('',*,*,#1011,.F.);
#575=ORIENTED_EDGE('',*,*,#1012,.T.);
#576=ORIENTED_EDGE('',*,*,#1013,.T.);
#577=ORIENTED_EDGE('',*,*,#887,.F.);
#578=ORIENTED_EDGE('',*,*,#1013,.F.);
#579=ORIENTED_EDGE('',*,*,#1014,.T.);
#580=ORIENTED_EDGE('',*,*,#1015,.T.);
#581=ORIENTED_EDGE('',*,*,#888,.F.);
#582=ORIENTED_EDGE('',*,*,#1015,.F.);
#583=ORIENTED_EDGE('',*,*,#1016,.T.);
#584=ORIENTED_EDGE('',*,*,#1017,.T.);
#585=ORIENTED_EDGE('',*,*,#889,.F.);
#586=ORIENTED_EDGE('',*,*,#1017,.F.);
#587=ORIENTED_EDGE('',*,*,#1018,.T.);
#588=ORIENTED_EDGE('',*,*,#1019,.T.);
#589=ORIENTED_EDGE('',*,*,#890,.F.);
#590=ORIENTED_EDGE('',*,*,#1019,.F.);
#591=ORIENTED_EDGE('',*,*,#1020,.T.);
#592=ORIENTED_EDGE('',*,*,#1021,.T.);
#593=ORIENTED_EDGE('',*,*,#891,.F.);
#594=ORIENTED_EDGE('',*,*,#1021,.F.);
#595=ORIENTED_EDGE('',*,*,#1022,.T.);
#596=ORIENTED_EDGE('',*,*,#997,.T.);
#597=ORIENTED_EDGE('',*,*,#998,.F.);
#598=ORIENTED_EDGE('',*,*,#1022,.F.);
#599=ORIENTED_EDGE('',*,*,#1020,.F.);
#600=ORIENTED_EDGE('',*,*,#1018,.F.);
#601=ORIENTED_EDGE('',*,*,#1016,.F.);
#602=ORIENTED_EDGE('',*,*,#1014,.F.);
#603=ORIENTED_EDGE('',*,*,#1012,.F.);
#604=ORIENTED_EDGE('',*,*,#1010,.F.);
#605=ORIENTED_EDGE('',*,*,#1008,.F.);
#606=ORIENTED_EDGE('',*,*,#1006,.F.);
#607=ORIENTED_EDGE('',*,*,#1004,.F.);
#608=ORIENTED_EDGE('',*,*,#1002,.F.);
#609=ORIENTED_EDGE('',*,*,#1000,.F.);
#610=ORIENTED_EDGE('',*,*,#862,.F.);
#611=ORIENTED_EDGE('',*,*,#1023,.F.);
#612=ORIENTED_EDGE('',*,*,#1024,.T.);
#613=ORIENTED_EDGE('',*,*,#1025,.T.);
#614=ORIENTED_EDGE('',*,*,#863,.F.);
#615=ORIENTED_EDGE('',*,*,#1025,.F.);
#616=ORIENTED_EDGE('',*,*,#1026,.T.);
#617=ORIENTED_EDGE('',*,*,#1027,.T.);
#618=ORIENTED_EDGE('',*,*,#864,.F.);
#619=ORIENTED_EDGE('',*,*,#1027,.F.);
#620=ORIENTED_EDGE('',*,*,#1028,.T.);
#621=ORIENTED_EDGE('',*,*,#1029,.T.);
#622=ORIENTED_EDGE('',*,*,#865,.F.);
#623=ORIENTED_EDGE('',*,*,#1029,.F.);
#624=ORIENTED_EDGE('',*,*,#1030,.T.);
#625=ORIENTED_EDGE('',*,*,#1031,.T.);
#626=ORIENTED_EDGE('',*,*,#866,.F.);
#627=ORIENTED_EDGE('',*,*,#1031,.F.);
#628=ORIENTED_EDGE('',*,*,#1032,.T.);
#629=ORIENTED_EDGE('',*,*,#1033,.T.);
#630=ORIENTED_EDGE('',*,*,#867,.F.);
#631=ORIENTED_EDGE('',*,*,#1033,.F.);
#632=ORIENTED_EDGE('',*,*,#1034,.T.);
#633=ORIENTED_EDGE('',*,*,#1035,.T.);
#634=ORIENTED_EDGE('',*,*,#868,.F.);
#635=ORIENTED_EDGE('',*,*,#1035,.F.);
#636=ORIENTED_EDGE('',*,*,#1036,.T.);
#637=ORIENTED_EDGE('',*,*,#1037,.T.);
#638=ORIENTED_EDGE('',*,*,#869,.F.);
#639=ORIENTED_EDGE('',*,*,#1037,.F.);
#640=ORIENTED_EDGE('',*,*,#1038,.T.);
#641=ORIENTED_EDGE('',*,*,#1039,.T.);
#642=ORIENTED_EDGE('',*,*,#870,.F.);
#643=ORIENTED_EDGE('',*,*,#1039,.F.);
#644=ORIENTED_EDGE('',*,*,#1040,.T.);
#645=ORIENTED_EDGE('',*,*,#1041,.T.);
#646=ORIENTED_EDGE('',*,*,#871,.F.);
#647=ORIENTED_EDGE('',*,*,#1041,.F.);
#648=ORIENTED_EDGE('',*,*,#1042,.T.);
#649=ORIENTED_EDGE('',*,*,#1043,.T.);
#650=ORIENTED_EDGE('',*,*,#872,.F.);
#651=ORIENTED_EDGE('',*,*,#1043,.F.);
#652=ORIENTED_EDGE('',*,*,#1044,.T.);
#653=ORIENTED_EDGE('',*,*,#1045,.T.);
#654=ORIENTED_EDGE('',*,*,#873,.F.);
#655=ORIENTED_EDGE('',*,*,#1045,.F.);
#656=ORIENTED_EDGE('',*,*,#1046,.T.);
#657=ORIENTED_EDGE('',*,*,#1023,.T.);
#658=ORIENTED_EDGE('',*,*,#1024,.F.);
#659=ORIENTED_EDGE('',*,*,#1046,.F.);
#660=ORIENTED_EDGE('',*,*,#1044,.F.);
#661=ORIENTED_EDGE('',*,*,#1042,.F.);
#662=ORIENTED_EDGE('',*,*,#1040,.F.);
#663=ORIENTED_EDGE('',*,*,#1038,.F.);
#664=ORIENTED_EDGE('',*,*,#1036,.F.);
#665=ORIENTED_EDGE('',*,*,#1034,.F.);
#666=ORIENTED_EDGE('',*,*,#1032,.F.);
#667=ORIENTED_EDGE('',*,*,#1030,.F.);
#668=ORIENTED_EDGE('',*,*,#1028,.F.);
#669=ORIENTED_EDGE('',*,*,#1026,.F.);
#670=ORIENTED_EDGE('',*,*,#892,.F.);
#671=ORIENTED_EDGE('',*,*,#1047,.F.);
#672=ORIENTED_EDGE('',*,*,#1048,.T.);
#673=ORIENTED_EDGE('',*,*,#1049,.T.);
#674=ORIENTED_EDGE('',*,*,#893,.F.);
#675=ORIENTED_EDGE('',*,*,#1049,.F.);
#676=ORIENTED_EDGE('',*,*,#1050,.T.);
#677=ORIENTED_EDGE('',*,*,#1051,.T.);
#678=ORIENTED_EDGE('',*,*,#894,.F.);
#679=ORIENTED_EDGE('',*,*,#1051,.F.);
#680=ORIENTED_EDGE('',*,*,#1052,.T.);
#681=ORIENTED_EDGE('',*,*,#1053,.T.);
#682=ORIENTED_EDGE('',*,*,#895,.F.);
#683=ORIENTED_EDGE('',*,*,#1053,.F.);
#684=ORIENTED_EDGE('',*,*,#1054,.T.);
#685=ORIENTED_EDGE('',*,*,#1055,.T.);
#686=ORIENTED_EDGE('',*,*,#896,.F.);
#687=ORIENTED_EDGE('',*,*,#1055,.F.);
#688=ORIENTED_EDGE('',*,*,#1056,.T.);
#689=ORIENTED_EDGE('',*,*,#1057,.T.);
#690=ORIENTED_EDGE('',*,*,#897,.F.);
#691=ORIENTED_EDGE('',*,*,#1057,.F.);
#692=ORIENTED_EDGE('',*,*,#1058,.T.);
#693=ORIENTED_EDGE('',*,*,#1059,.T.);
#694=ORIENTED_EDGE('',*,*,#898,.F.);
#695=ORIENTED_EDGE('',*,*,#1059,.F.);
#696=ORIENTED_EDGE('',*,*,#1060,.T.);
#697=ORIENTED_EDGE('',*,*,#1061,.T.);
#698=ORIENTED_EDGE('',*,*,#899,.F.);
#699=ORIENTED_EDGE('',*,*,#1061,.F.);
#700=ORIENTED_EDGE('',*,*,#1062,.T.);
#701=ORIENTED_EDGE('',*,*,#1063,.T.);
#702=ORIENTED_EDGE('',*,*,#900,.F.);
#703=ORIENTED_EDGE('',*,*,#1063,.F.);
#704=ORIENTED_EDGE('',*,*,#1064,.T.);
#705=ORIENTED_EDGE('',*,*,#1065,.T.);
#706=ORIENTED_EDGE('',*,*,#901,.F.);
#707=ORIENTED_EDGE('',*,*,#1065,.F.);
#708=ORIENTED_EDGE('',*,*,#1066,.T.);
#709=ORIENTED_EDGE('',*,*,#1067,.T.);
#710=ORIENTED_EDGE('',*,*,#902,.F.);
#711=ORIENTED_EDGE('',*,*,#1067,.F.);
#712=ORIENTED_EDGE('',*,*,#1068,.T.);
#713=ORIENTED_EDGE('',*,*,#1069,.T.);
#714=ORIENTED_EDGE('',*,*,#903,.F.);
#715=ORIENTED_EDGE('',*,*,#1069,.F.);
#716=ORIENTED_EDGE('',*,*,#1070,.T.);
#717=ORIENTED_EDGE('',*,*,#1047,.T.);
#718=ORIENTED_EDGE('',*,*,#1048,.F.);
#719=ORIENTED_EDGE('',*,*,#1070,.F.);
#720=ORIENTED_EDGE('',*,*,#1068,.F.);
#721=ORIENTED_EDGE('',*,*,#1066,.F.);
#722=ORIENTED_EDGE('',*,*,#1064,.F.);
#723=ORIENTED_EDGE('',*,*,#1062,.F.);
#724=ORIENTED_EDGE('',*,*,#1060,.F.);
#725=ORIENTED_EDGE('',*,*,#1058,.F.);
#726=ORIENTED_EDGE('',*,*,#1056,.F.);
#727=ORIENTED_EDGE('',*,*,#1054,.F.);
#728=ORIENTED_EDGE('',*,*,#1052,.F.);
#729=ORIENTED_EDGE('',*,*,#1050,.F.);
#730=ORIENTED_EDGE('',*,*,#850,.F.);
#731=ORIENTED_EDGE('',*,*,#1071,.F.);
#732=ORIENTED_EDGE('',*,*,#1072,.T.);
#733=ORIENTED_EDGE('',*,*,#1073,.T.);
#734=ORIENTED_EDGE('',*,*,#851,.F.);
#735=ORIENTED_EDGE('',*,*,#1073,.F.);
#736=ORIENTED_EDGE('',*,*,#1074,.T.);
#737=ORIENTED_EDGE('',*,*,#1075,.T.);
#738=ORIENTED_EDGE('',*,*,#852,.F.);
#739=ORIENTED_EDGE('',*,*,#1075,.F.);
#740=ORIENTED_EDGE('',*,*,#1076,.T.);
#741=ORIENTED_EDGE('',*,*,#1077,.T.);
#742=ORIENTED_EDGE('',*,*,#853,.F.);
#743=ORIENTED_EDGE('',*,*,#1077,.F.);
#744=ORIENTED_EDGE('',*,*,#1078,.T.);
#745=ORIENTED_EDGE('',*,*,#1079,.T.);
#746=ORIENTED_EDGE('',*,*,#854,.F.);
#747=ORIENTED_EDGE('',*,*,#1079,.F.);
#748=ORIENTED_EDGE('',*,*,#1080,.T.);
#749=ORIENTED_EDGE('',*,*,#1081,.T.);
#750=ORIENTED_EDGE('',*,*,#855,.F.);
#751=ORIENTED_EDGE('',*,*,#1081,.F.);
#752=ORIENTED_EDGE('',*,*,#1082,.T.);
#753=ORIENTED_EDGE('',*,*,#1083,.T.);
#754=ORIENTED_EDGE('',*,*,#856,.F.);
#755=ORIENTED_EDGE('',*,*,#1083,.F.);
#756=ORIENTED_EDGE('',*,*,#1084,.T.);
#757=ORIENTED_EDGE('',*,*,#1085,.T.);
#758=ORIENTED_EDGE('',*,*,#857,.F.);
#759=ORIENTED_EDGE('',*,*,#1085,.F.);
#760=ORIENTED_EDGE('',*,*,#1086,.T.);
#761=ORIENTED_EDGE('',*,*,#1087,.T.);
#762=ORIENTED_EDGE('',*,*,#858,.F.);
#763=ORIENTED_EDGE('',*,*,#1087,.F.);
#764=ORIENTED_EDGE('',*,*,#1088,.T.);
#765=ORIENTED_EDGE('',*,*,#1089,.T.);
#766=ORIENTED_EDGE('',*,*,#859,.F.);
#767=ORIENTED_EDGE('',*,*,#1089,.F.);
#768=ORIENTED_EDGE('',*,*,#1090,.T.);
#769=ORIENTED_EDGE('',*,*,#1091,.T.);
#770=ORIENTED_EDGE('',*,*,#860,.F.);
#771=ORIENTED_EDGE('',*,*,#1091,.F.);
#772=ORIENTED_EDGE('',*,*,#1092,.T.);
#773=ORIENTED_EDGE('',*,*,#1093,.T.);
#774=ORIENTED_EDGE('',*,*,#861,.F.);
#775=ORIENTED_EDGE('',*,*,#1093,.F.);
#776=ORIENTED_EDGE('',*,*,#1094,.T.);
#777=ORIENTED_EDGE('',*,*,#1071,.T.);
#778=ORIENTED_EDGE('',*,*,#1072,.F.);
#779=ORIENTED_EDGE('',*,*,#1094,.F.);
#780=ORIENTED_EDGE('',*,*,#1092,.F.);
#781=ORIENTED_EDGE('',*,*,#1090,.F.);
#782=ORIENTED_EDGE('',*,*,#1088,.F.);
#783=ORIENTED_EDGE('',*,*,#1086,.F.);
#784=ORIENTED_EDGE('',*,*,#1084,.F.);
#785=ORIENTED_EDGE('',*,*,#1082,.F.);
#786=ORIENTED_EDGE('',*,*,#1080,.F.);
#787=ORIENTED_EDGE('',*,*,#1078,.F.);
#788=ORIENTED_EDGE('',*,*,#1076,.F.);
#789=ORIENTED_EDGE('',*,*,#1074,.F.);
#790=ORIENTED_EDGE('',*,*,#904,.F.);
#791=ORIENTED_EDGE('',*,*,#1095,.F.);
#792=ORIENTED_EDGE('',*,*,#1096,.T.);
#793=ORIENTED_EDGE('',*,*,#1097,.T.);
#794=ORIENTED_EDGE('',*,*,#905,.F.);
#795=ORIENTED_EDGE('',*,*,#1097,.F.);
#796=ORIENTED_EDGE('',*,*,#1098,.T.);
#797=ORIENTED_EDGE('',*,*,#1099,.T.);
#798=ORIENTED_EDGE('',*,*,#906,.F.);
#799=ORIENTED_EDGE('',*,*,#1099,.F.);
#800=ORIENTED_EDGE('',*,*,#1100,.T.);
#801=ORIENTED_EDGE('',*,*,#1101,.T.);
#802=ORIENTED_EDGE('',*,*,#907,.F.);
#803=ORIENTED_EDGE('',*,*,#1101,.F.);
#804=ORIENTED_EDGE('',*,*,#1102,.T.);
#805=ORIENTED_EDGE('',*,*,#1103,.T.);
#806=ORIENTED_EDGE('',*,*,#908,.F.);
#807=ORIENTED_EDGE('',*,*,#1103,.F.);
#808=ORIENTED_EDGE('',*,*,#1104,.T.);
#809=ORIENTED_EDGE('',*,*,#1105,.T.);
#810=ORIENTED_EDGE('',*,*,#909,.F.);
#811=ORIENTED_EDGE('',*,*,#1105,.F.);
#812=ORIENTED_EDGE('',*,*,#1106,.T.);
#813=ORIENTED_EDGE('',*,*,#1107,.T.);
#814=ORIENTED_EDGE('',*,*,#910,.F.);
#815=ORIENTED_EDGE('',*,*,#1107,.F.);
#816=ORIENTED_EDGE('',*,*,#1108,.T.);
#817=ORIENTED_EDGE('',*,*,#1109,.T.);
#818=ORIENTED_EDGE('',*,*,#911,.F.);
#819=ORIENTED_EDGE('',*,*,#1109,.F.);
#820=ORIENTED_EDGE('',*,*,#1110,.T.);
#821=ORIENTED_EDGE('',*,*,#1111,.T.);
#822=ORIENTED_EDGE('',*,*,#912,.F.);
#823=ORIENTED_EDGE('',*,*,#1111,.F.);
#824=ORIENTED_EDGE('',*,*,#1112,.T.);
#825=ORIENTED_EDGE('',*,*,#1113,.T.);
#826=ORIENTED_EDGE('',*,*,#913,.F.);
#827=ORIENTED_EDGE('',*,*,#1113,.F.);
#828=ORIENTED_EDGE('',*,*,#1114,.T.);
#829=ORIENTED_EDGE('',*,*,#1115,.T.);
#830=ORIENTED_EDGE('',*,*,#914,.F.);
#831=ORIENTED_EDGE('',*,*,#1115,.F.);
#832=ORIENTED_EDGE('',*,*,#1116,.T.);
#833=ORIENTED_EDGE('',*,*,#1117,.T.);
#834=ORIENTED_EDGE('',*,*,#915,.F.);
#835=ORIENTED_EDGE('',*,*,#1117,.F.);
#836=ORIENTED_EDGE('',*,*,#1118,.T.);
#837=ORIENTED_EDGE('',*,*,#1095,.T.);
#838=ORIENTED_EDGE('',*,*,#1096,.F.);
#839=ORIENTED_EDGE('',*,*,#1118,.F.);
#840=ORIENTED_EDGE('',*,*,#1116,.F.);
#841=ORIENTED_EDGE('',*,*,#1114,.F.);
#842=ORIENTED_EDGE('',*,*,#1112,.F.);
#843=ORIENTED_EDGE('',*,*,#1110,.F.);
#844=ORIENTED_EDGE('',*,*,#1108,.F.);
#845=ORIENTED_EDGE('',*,*,#1106,.F.);
#846=ORIENTED_EDGE('',*,*,#1104,.F.);
#847=ORIENTED_EDGE('',*,*,#1102,.F.);
#848=ORIENTED_EDGE('',*,*,#1100,.F.);
#849=ORIENTED_EDGE('',*,*,#1098,.F.);
#850=EDGE_CURVE('',#1119,#1120,#1299,.T.);
#851=EDGE_CURVE('',#1120,#1121,#1300,.T.);
#852=EDGE_CURVE('',#1121,#1122,#1301,.T.);
#853=EDGE_CURVE('',#1122,#1123,#1302,.T.);
#854=EDGE_CURVE('',#1123,#1124,#1303,.T.);
#855=EDGE_CURVE('',#1124,#1125,#1304,.T.);
#856=EDGE_CURVE('',#1125,#1126,#1305,.T.);
#857=EDGE_CURVE('',#1126,#1127,#1306,.T.);
#858=EDGE_CURVE('',#1127,#1128,#1307,.T.);
#859=EDGE_CURVE('',#1128,#1129,#1308,.T.);
#860=EDGE_CURVE('',#1129,#1130,#1309,.T.);
#861=EDGE_CURVE('',#1130,#1119,#1310,.T.);
#862=EDGE_CURVE('',#1131,#1132,#1311,.T.);
#863=EDGE_CURVE('',#1132,#1133,#1312,.T.);
#864=EDGE_CURVE('',#1133,#1134,#1313,.T.);
#865=EDGE_CURVE('',#1134,#1135,#1314,.T.);
#866=EDGE_CURVE('',#1135,#1136,#1315,.T.);
#867=EDGE_CURVE('',#1136,#1137,#1316,.T.);
#868=EDGE_CURVE('',#1137,#1138,#1317,.T.);
#869=EDGE_CURVE('',#1138,#1139,#1318,.T.);
#870=EDGE_CURVE('',#1139,#1140,#1319,.T.);
#871=EDGE_CURVE('',#1140,#1141,#1320,.T.);
#872=EDGE_CURVE('',#1141,#1142,#1321,.T.);
#873=EDGE_CURVE('',#1142,#1131,#1322,.T.);
#874=EDGE_CURVE('',#1143,#1144,#78,.T.);
#875=EDGE_CURVE('',#1144,#1145,#79,.T.);
#876=EDGE_CURVE('',#1145,#1146,#80,.T.);
#877=EDGE_CURVE('',#1146,#1143,#81,.T.);
#878=EDGE_CURVE('',#1147,#1147,#56,.T.);
#879=EDGE_CURVE('',#1148,#1149,#1323,.T.);
#880=EDGE_CURVE('',#1149,#1150,#1324,.T.);
#881=EDGE_CURVE('',#1150,#1151,#1325,.T.);
#882=EDGE_CURVE('',#1151,#1152,#1326,.T.);
#883=EDGE_CURVE('',#1152,#1153,#1327,.T.);
#884=EDGE_CURVE('',#1153,#1154,#1328,.T.);
#885=EDGE_CURVE('',#1154,#1155,#1329,.T.);
#886=EDGE_CURVE('',#1155,#1156,#1330,.T.);
#887=EDGE_CURVE('',#1156,#1157,#1331,.T.);
#888=EDGE_CURVE('',#1157,#1158,#1332,.T.);
#889=EDGE_CURVE('',#1158,#1159,#1333,.T.);
#890=EDGE_CURVE('',#1159,#1160,#1334,.T.);
#891=EDGE_CURVE('',#1160,#1148,#1335,.T.);
#892=EDGE_CURVE('',#1161,#1162,#1336,.T.);
#893=EDGE_CURVE('',#1162,#1163,#1337,.T.);
#894=EDGE_CURVE('',#1163,#1164,#1338,.T.);
#895=EDGE_CURVE('',#1164,#1165,#1339,.T.);
#896=EDGE_CURVE('',#1165,#1166,#1340,.T.);
#897=EDGE_CURVE('',#1166,#1167,#1341,.T.);
#898=EDGE_CURVE('',#1167,#1168,#1342,.T.);
#899=EDGE_CURVE('',#1168,#1169,#1343,.T.);
#900=EDGE_CURVE('',#1169,#1170,#1344,.T.);
#901=EDGE_CURVE('',#1170,#1171,#1345,.T.);
#902=EDGE_CURVE('',#1171,#1172,#1346,.T.);
#903=EDGE_CURVE('',#1172,#1161,#1347,.T.);
#904=EDGE_CURVE('',#1173,#1174,#1348,.T.);
#905=EDGE_CURVE('',#1174,#1175,#1349,.T.);
#906=EDGE_CURVE('',#1175,#1176,#1350,.T.);
#907=EDGE_CURVE('',#1176,#1177,#1351,.T.);
#908=EDGE_CURVE('',#1177,#1178,#1352,.T.);
#909=EDGE_CURVE('',#1178,#1179,#1353,.T.);
#910=EDGE_CURVE('',#1179,#1180,#1354,.T.);
#911=EDGE_CURVE('',#1180,#1181,#1355,.T.);
#912=EDGE_CURVE('',#1181,#1182,#1356,.T.);
#913=EDGE_CURVE('',#1182,#1183,#1357,.T.);
#914=EDGE_CURVE('',#1183,#1184,#1358,.T.);
#915=EDGE_CURVE('',#1184,#1173,#1359,.T.);
#916=EDGE_CURVE('',#1185,#1186,#82,.F.);
#917=EDGE_CURVE('',#1187,#1186,#83,.T.);
#918=EDGE_CURVE('',#1187,#1188,#84,.T.);
#919=EDGE_CURVE('',#1185,#1188,#85,.T.);
#920=EDGE_CURVE('',#1189,#1190,#86,.F.);
#921=EDGE_CURVE('',#1191,#1190,#87,.T.);
#922=EDGE_CURVE('',#1191,#1192,#88,.T.);
#923=EDGE_CURVE('',#1189,#1192,#89,.T.);
#924=EDGE_CURVE('',#1193,#1194,#90,.F.);
#925=EDGE_CURVE('',#1195,#1194,#91,.T.);
#926=EDGE_CURVE('',#1195,#1196,#92,.T.);
#927=EDGE_CURVE('',#1193,#1196,#93,.T.);
#928=EDGE_CURVE('',#1197,#1198,#94,.F.);
#929=EDGE_CURVE('',#1199,#1198,#95,.T.);
#930=EDGE_CURVE('',#1199,#1200,#96,.T.);
#931=EDGE_CURVE('',#1197,#1200,#97,.T.);
#932=EDGE_CURVE('',#1191,#1194,#57,.F.);
#933=EDGE_CURVE('',#1192,#1193,#58,.T.);
#934=EDGE_CURVE('',#1187,#1190,#59,.F.);
#935=EDGE_CURVE('',#1188,#1189,#60,.T.);
#936=EDGE_CURVE('',#1199,#1186,#61,.F.);
#937=EDGE_CURVE('',#1200,#1185,#62,.T.);
#938=EDGE_CURVE('',#1195,#1198,#63,.F.);
#939=EDGE_CURVE('',#1196,#1197,#64,.T.);
#940=EDGE_CURVE('',#1201,#1202,#98,.T.);
#941=EDGE_CURVE('',#1202,#1203,#99,.T.);
#942=EDGE_CURVE('',#1203,#1204,#100,.T.);
#943=EDGE_CURVE('',#1204,#1201,#101,.T.);
#944=EDGE_CURVE('',#1205,#1206,#102,.T.);
#945=EDGE_CURVE('',#1207,#1205,#103,.T.);
#946=EDGE_CURVE('',#1208,#1207,#104,.T.);
#947=EDGE_CURVE('',#1206,#1208,#105,.T.);
#948=EDGE_CURVE('',#1202,#1209,#106,.T.);
#949=EDGE_CURVE('',#1209,#1210,#107,.T.);
#950=EDGE_CURVE('',#1203,#1210,#108,.T.);
#951=EDGE_CURVE('',#1211,#1212,#109,.T.);
#952=EDGE_CURVE('',#1212,#1213,#65,.F.);
#953=EDGE_CURVE('',#1204,#1213,#110,.T.);
#954=EDGE_CURVE('',#1210,#1211,#66,.F.);
#955=EDGE_CURVE('',#1213,#1214,#111,.T.);
#956=EDGE_CURVE('',#1201,#1214,#112,.T.);
#957=EDGE_CURVE('',#1214,#1215,#67,.F.);
#958=EDGE_CURVE('',#1215,#1216,#113,.T.);
#959=EDGE_CURVE('',#1216,#1209,#68,.F.);
#960=EDGE_CURVE('',#1215,#1212,#114,.F.);
#961=EDGE_CURVE('',#1211,#1216,#115,.F.);
#962=EDGE_CURVE('',#1217,#1205,#116,.T.);
#963=EDGE_CURVE('',#1217,#1218,#117,.F.);
#964=EDGE_CURVE('',#1218,#1207,#118,.T.);
#965=EDGE_CURVE('',#1219,#1206,#119,.T.);
#966=EDGE_CURVE('',#1219,#1220,#69,.F.);
#967=EDGE_CURVE('',#1221,#1220,#120,.T.);
#968=EDGE_CURVE('',#1221,#1217,#70,.F.);
#969=EDGE_CURVE('',#1222,#1208,#121,.T.);
#970=EDGE_CURVE('',#1222,#1219,#122,.F.);
#971=EDGE_CURVE('',#1223,#1224,#123,.T.);
#972=EDGE_CURVE('',#1223,#1222,#71,.F.);
#973=EDGE_CURVE('',#1218,#1224,#72,.F.);
#974=EDGE_CURVE('',#1220,#1223,#124,.T.);
#975=EDGE_CURVE('',#1224,#1221,#125,.T.);
#976=EDGE_CURVE('',#1225,#1226,#126,.T.);
#977=EDGE_CURVE('',#1225,#1227,#73,.F.);
#978=EDGE_CURVE('',#1228,#1227,#127,.T.);
#979=EDGE_CURVE('',#1228,#1229,#74,.F.);
#980=EDGE_CURVE('',#1230,#1229,#128,.T.);
#981=EDGE_CURVE('',#1230,#1231,#75,.F.);
#982=EDGE_CURVE('',#1232,#1231,#129,.T.);
#983=EDGE_CURVE('',#1232,#1226,#76,.F.);
#984=EDGE_CURVE('',#1228,#1233,#35,.F.);
#985=EDGE_CURVE('',#1233,#1229,#36,.F.);
#986=EDGE_CURVE('',#1230,#1234,#37,.F.);
#987=EDGE_CURVE('',#1234,#1231,#38,.F.);
#988=EDGE_CURVE('',#1232,#1235,#39,.F.);
#989=EDGE_CURVE('',#1235,#1226,#40,.F.);
#990=EDGE_CURVE('',#1225,#1236,#41,.F.);
#991=EDGE_CURVE('',#1236,#1227,#42,.F.);
#992=EDGE_CURVE('',#1143,#1233,#130,.T.);
#993=EDGE_CURVE('',#1234,#1146,#131,.F.);
#994=EDGE_CURVE('',#1144,#1236,#132,.T.);
#995=EDGE_CURVE('',#1235,#1145,#133,.F.);
#996=EDGE_CURVE('',#1237,#1237,#77,.T.);
#997=EDGE_CURVE('',#1238,#1148,#134,.T.);
#998=EDGE_CURVE('',#1238,#1239,#1360,.T.);
#999=EDGE_CURVE('',#1239,#1149,#135,.T.);
#1000=EDGE_CURVE('',#1239,#1240,#1361,.T.);
#1001=EDGE_CURVE('',#1240,#1150,#136,.T.);
#1002=EDGE_CURVE('',#1240,#1241,#1362,.T.);
#1003=EDGE_CURVE('',#1241,#1151,#137,.T.);
#1004=EDGE_CURVE('',#1241,#1242,#1363,.T.);
#1005=EDGE_CURVE('',#1242,#1152,#138,.T.);
#1006=EDGE_CURVE('',#1242,#1243,#1364,.T.);
#1007=EDGE_CURVE('',#1243,#1153,#139,.T.);
#1008=EDGE_CURVE('',#1243,#1244,#1365,.T.);
#1009=EDGE_CURVE('',#1244,#1154,#140,.T.);
#1010=EDGE_CURVE('',#1244,#1245,#1366,.T.);
#1011=EDGE_CURVE('',#1245,#1155,#141,.T.);
#1012=EDGE_CURVE('',#1245,#1246,#1367,.T.);
#1013=EDGE_CURVE('',#1246,#1156,#142,.T.);
#1014=EDGE_CURVE('',#1246,#1247,#1368,.T.);
#1015=EDGE_CURVE('',#1247,#1157,#143,.T.);
#1016=EDGE_CURVE('',#1247,#1248,#1369,.T.);
#1017=EDGE_CURVE('',#1248,#1158,#144,.T.);
#1018=EDGE_CURVE('',#1248,#1249,#1370,.T.);
#1019=EDGE_CURVE('',#1249,#1159,#145,.T.);
#1020=EDGE_CURVE('',#1249,#1250,#1371,.T.);
#1021=EDGE_CURVE('',#1250,#1160,#146,.T.);
#1022=EDGE_CURVE('',#1250,#1238,#1372,.T.);
#1023=EDGE_CURVE('',#1251,#1131,#147,.T.);
#1024=EDGE_CURVE('',#1251,#1252,#1373,.T.);
#1025=EDGE_CURVE('',#1252,#1132,#148,.T.);
#1026=EDGE_CURVE('',#1252,#1253,#1374,.T.);
#1027=EDGE_CURVE('',#1253,#1133,#149,.T.);
#1028=EDGE_CURVE('',#1253,#1254,#1375,.T.);
#1029=EDGE_CURVE('',#1254,#1134,#150,.T.);
#1030=EDGE_CURVE('',#1254,#1255,#1376,.T.);
#1031=EDGE_CURVE('',#1255,#1135,#151,.T.);
#1032=EDGE_CURVE('',#1255,#1256,#1377,.T.);
#1033=EDGE_CURVE('',#1256,#1136,#152,.T.);
#1034=EDGE_CURVE('',#1256,#1257,#1378,.T.);
#1035=EDGE_CURVE('',#1257,#1137,#153,.T.);
#1036=EDGE_CURVE('',#1257,#1258,#1379,.T.);
#1037=EDGE_CURVE('',#1258,#1138,#154,.T.);
#1038=EDGE_CURVE('',#1258,#1259,#1380,.T.);
#1039=EDGE_CURVE('',#1259,#1139,#155,.T.);
#1040=EDGE_CURVE('',#1259,#1260,#1381,.T.);
#1041=EDGE_CURVE('',#1260,#1140,#156,.T.);
#1042=EDGE_CURVE('',#1260,#1261,#1382,.T.);
#1043=EDGE_CURVE('',#1261,#1141,#157,.T.);
#1044=EDGE_CURVE('',#1261,#1262,#1383,.T.);
#1045=EDGE_CURVE('',#1262,#1142,#158,.T.);
#1046=EDGE_CURVE('',#1262,#1251,#1384,.T.);
#1047=EDGE_CURVE('',#1263,#1161,#159,.T.);
#1048=EDGE_CURVE('',#1263,#1264,#1385,.T.);
#1049=EDGE_CURVE('',#1264,#1162,#160,.T.);
#1050=EDGE_CURVE('',#1264,#1265,#1386,.T.);
#1051=EDGE_CURVE('',#1265,#1163,#161,.T.);
#1052=EDGE_CURVE('',#1265,#1266,#1387,.T.);
#1053=EDGE_CURVE('',#1266,#1164,#162,.T.);
#1054=EDGE_CURVE('',#1266,#1267,#1388,.T.);
#1055=EDGE_CURVE('',#1267,#1165,#163,.T.);
#1056=EDGE_CURVE('',#1267,#1268,#1389,.T.);
#1057=EDGE_CURVE('',#1268,#1166,#164,.T.);
#1058=EDGE_CURVE('',#1268,#1269,#1390,.T.);
#1059=EDGE_CURVE('',#1269,#1167,#165,.T.);
#1060=EDGE_CURVE('',#1269,#1270,#1391,.T.);
#1061=EDGE_CURVE('',#1270,#1168,#166,.T.);
#1062=EDGE_CURVE('',#1270,#1271,#1392,.T.);
#1063=EDGE_CURVE('',#1271,#1169,#167,.T.);
#1064=EDGE_CURVE('',#1271,#1272,#1393,.T.);
#1065=EDGE_CURVE('',#1272,#1170,#168,.T.);
#1066=EDGE_CURVE('',#1272,#1273,#1394,.T.);
#1067=EDGE_CURVE('',#1273,#1171,#169,.T.);
#1068=EDGE_CURVE('',#1273,#1274,#1395,.T.);
#1069=EDGE_CURVE('',#1274,#1172,#170,.T.);
#1070=EDGE_CURVE('',#1274,#1263,#1396,.T.);
#1071=EDGE_CURVE('',#1275,#1119,#171,.T.);
#1072=EDGE_CURVE('',#1275,#1276,#1397,.T.);
#1073=EDGE_CURVE('',#1276,#1120,#172,.T.);
#1074=EDGE_CURVE('',#1276,#1277,#1398,.T.);
#1075=EDGE_CURVE('',#1277,#1121,#173,.T.);
#1076=EDGE_CURVE('',#1277,#1278,#1399,.T.);
#1077=EDGE_CURVE('',#1278,#1122,#174,.T.);
#1078=EDGE_CURVE('',#1278,#1279,#1400,.T.);
#1079=EDGE_CURVE('',#1279,#1123,#175,.T.);
#1080=EDGE_CURVE('',#1279,#1280,#1401,.T.);
#1081=EDGE_CURVE('',#1280,#1124,#176,.T.);
#1082=EDGE_CURVE('',#1280,#1281,#1402,.T.);
#1083=EDGE_CURVE('',#1281,#1125,#177,.T.);
#1084=EDGE_CURVE('',#1281,#1282,#1403,.T.);
#1085=EDGE_CURVE('',#1282,#1126,#178,.T.);
#1086=EDGE_CURVE('',#1282,#1283,#1404,.T.);
#1087=EDGE_CURVE('',#1283,#1127,#179,.T.);
#1088=EDGE_CURVE('',#1283,#1284,#1405,.T.);
#1089=EDGE_CURVE('',#1284,#1128,#180,.T.);
#1090=EDGE_CURVE('',#1284,#1285,#1406,.T.);
#1091=EDGE_CURVE('',#1285,#1129,#181,.T.);
#1092=EDGE_CURVE('',#1285,#1286,#1407,.T.);
#1093=EDGE_CURVE('',#1286,#1130,#182,.T.);
#1094=EDGE_CURVE('',#1286,#1275,#1408,.T.);
#1095=EDGE_CURVE('',#1287,#1173,#183,.T.);
#1096=EDGE_CURVE('',#1287,#1288,#1409,.T.);
#1097=EDGE_CURVE('',#1288,#1174,#184,.T.);
#1098=EDGE_CURVE('',#1288,#1289,#1410,.T.);
#1099=EDGE_CURVE('',#1289,#1175,#185,.T.);
#1100=EDGE_CURVE('',#1289,#1290,#1411,.T.);
#1101=EDGE_CURVE('',#1290,#1176,#186,.T.);
#1102=EDGE_CURVE('',#1290,#1291,#1412,.T.);
#1103=EDGE_CURVE('',#1291,#1177,#187,.T.);
#1104=EDGE_CURVE('',#1291,#1292,#1413,.T.);
#1105=EDGE_CURVE('',#1292,#1178,#188,.T.);
#1106=EDGE_CURVE('',#1292,#1293,#1414,.T.);
#1107=EDGE_CURVE('',#1293,#1179,#189,.T.);
#1108=EDGE_CURVE('',#1293,#1294,#1415,.T.);
#1109=EDGE_CURVE('',#1294,#1180,#190,.T.);
#1110=EDGE_CURVE('',#1294,#1295,#1416,.T.);
#1111=EDGE_CURVE('',#1295,#1181,#191,.T.);
#1112=EDGE_CURVE('',#1295,#1296,#1417,.T.);
#1113=EDGE_CURVE('',#1296,#1182,#192,.T.);
#1114=EDGE_CURVE('',#1296,#1297,#1418,.T.);
#1115=EDGE_CURVE('',#1297,#1183,#193,.T.);
#1116=EDGE_CURVE('',#1297,#1298,#1419,.T.);
#1117=EDGE_CURVE('',#1298,#1184,#194,.T.);
#1118=EDGE_CURVE('',#1298,#1287,#1420,.T.);
#1119=VERTEX_POINT('',#3005);
#1120=VERTEX_POINT('',#3006);
#1121=VERTEX_POINT('',#3011);
#1122=VERTEX_POINT('',#3016);
#1123=VERTEX_POINT('',#3021);
#1124=VERTEX_POINT('',#3029);
#1125=VERTEX_POINT('',#3037);
#1126=VERTEX_POINT('',#3042);
#1127=VERTEX_POINT('',#3047);
#1128=VERTEX_POINT('',#3052);
#1129=VERTEX_POINT('',#3057);
#1130=VERTEX_POINT('',#3065);
#1131=VERTEX_POINT('',#3072);
#1132=VERTEX_POINT('',#3073);
#1133=VERTEX_POINT('',#3076);
#1134=VERTEX_POINT('',#3079);
#1135=VERTEX_POINT('',#3082);
#1136=VERTEX_POINT('',#3085);
#1137=VERTEX_POINT('',#3088);
#1138=VERTEX_POINT('',#3091);
#1139=VERTEX_POINT('',#3094);
#1140=VERTEX_POINT('',#3097);
#1141=VERTEX_POINT('',#3100);
#1142=VERTEX_POINT('',#3103);
#1143=VERTEX_POINT('',#3107);
#1144=VERTEX_POINT('',#3108);
#1145=VERTEX_POINT('',#3110);
#1146=VERTEX_POINT('',#3112);
#1147=VERTEX_POINT('',#3115);
#1148=VERTEX_POINT('',#3120);
#1149=VERTEX_POINT('',#3121);
#1150=VERTEX_POINT('',#3126);
#1151=VERTEX_POINT('',#3131);
#1152=VERTEX_POINT('',#3139);
#1153=VERTEX_POINT('',#3147);
#1154=VERTEX_POINT('',#3152);
#1155=VERTEX_POINT('',#3160);
#1156=VERTEX_POINT('',#3168);
#1157=VERTEX_POINT('',#3173);
#1158=VERTEX_POINT('',#3178);
#1159=VERTEX_POINT('',#3183);
#1160=VERTEX_POINT('',#3191);
#1161=VERTEX_POINT('',#3203);
#1162=VERTEX_POINT('',#3204);
#1163=VERTEX_POINT('',#3209);
#1164=VERTEX_POINT('',#3214);
#1165=VERTEX_POINT('',#3219);
#1166=VERTEX_POINT('',#3227);
#1167=VERTEX_POINT('',#3235);
#1168=VERTEX_POINT('',#3240);
#1169=VERTEX_POINT('',#3245);
#1170=VERTEX_POINT('',#3250);
#1171=VERTEX_POINT('',#3255);
#1172=VERTEX_POINT('',#3263);
#1173=VERTEX_POINT('',#3272);
#1174=VERTEX_POINT('',#3273);
#1175=VERTEX_POINT('',#3278);
#1176=VERTEX_POINT('',#3283);
#1177=VERTEX_POINT('',#3288);
#1178=VERTEX_POINT('',#3296);
#1179=VERTEX_POINT('',#3304);
#1180=VERTEX_POINT('',#3309);
#1181=VERTEX_POINT('',#3314);
#1182=VERTEX_POINT('',#3319);
#1183=VERTEX_POINT('',#3324);
#1184=VERTEX_POINT('',#3332);
#1185=VERTEX_POINT('',#3339);
#1186=VERTEX_POINT('',#3340);
#1187=VERTEX_POINT('',#3342);
#1188=VERTEX_POINT('',#3344);
#1189=VERTEX_POINT('',#3348);
#1190=VERTEX_POINT('',#3349);
#1191=VERTEX_POINT('',#3351);
#1192=VERTEX_POINT('',#3353);
#1193=VERTEX_POINT('',#3357);
#1194=VERTEX_POINT('',#3358);
#1195=VERTEX_POINT('',#3360);
#1196=VERTEX_POINT('',#3362);
#1197=VERTEX_POINT('',#3366);
#1198=VERTEX_POINT('',#3367);
#1199=VERTEX_POINT('',#3369);
#1200=VERTEX_POINT('',#3371);
#1201=VERTEX_POINT('',#3387);
#1202=VERTEX_POINT('',#3388);
#1203=VERTEX_POINT('',#3390);
#1204=VERTEX_POINT('',#3392);
#1205=VERTEX_POINT('',#3395);
#1206=VERTEX_POINT('',#3396);
#1207=VERTEX_POINT('',#3398);
#1208=VERTEX_POINT('',#3400);
#1209=VERTEX_POINT('',#3404);
#1210=VERTEX_POINT('',#3406);
#1211=VERTEX_POINT('',#3410);
#1212=VERTEX_POINT('',#3411);
#1213=VERTEX_POINT('',#3413);
#1214=VERTEX_POINT('',#3418);
#1215=VERTEX_POINT('',#3422);
#1216=VERTEX_POINT('',#3424);
#1217=VERTEX_POINT('',#3431);
#1218=VERTEX_POINT('',#3433);
#1219=VERTEX_POINT('',#3437);
#1220=VERTEX_POINT('',#3439);
#1221=VERTEX_POINT('',#3441);
#1222=VERTEX_POINT('',#3445);
#1223=VERTEX_POINT('',#3449);
#1224=VERTEX_POINT('',#3450);
#1225=VERTEX_POINT('',#3462);
#1226=VERTEX_POINT('',#3463);
#1227=VERTEX_POINT('',#3465);
#1228=VERTEX_POINT('',#3467);
#1229=VERTEX_POINT('',#3469);
#1230=VERTEX_POINT('',#3471);
#1231=VERTEX_POINT('',#3473);
#1232=VERTEX_POINT('',#3475);
#1233=VERTEX_POINT('',#3479);
#1234=VERTEX_POINT('',#3483);
#1235=VERTEX_POINT('',#3487);
#1236=VERTEX_POINT('',#3491);
#1237=VERTEX_POINT('',#3503);
#1238=VERTEX_POINT('',#3507);
#1239=VERTEX_POINT('',#3512);
#1240=VERTEX_POINT('',#3519);
#1241=VERTEX_POINT('',#3526);
#1242=VERTEX_POINT('',#3543);
#1243=VERTEX_POINT('',#3574);
#1244=VERTEX_POINT('',#3581);
#1245=VERTEX_POINT('',#3600);
#1246=VERTEX_POINT('',#3621);
#1247=VERTEX_POINT('',#3628);
#1248=VERTEX_POINT('',#3635);
#1249=VERTEX_POINT('',#3642);
#1250=VERTEX_POINT('',#3671);
#1251=VERTEX_POINT('',#3697);
#1252=VERTEX_POINT('',#3700);
#1253=VERTEX_POINT('',#3705);
#1254=VERTEX_POINT('',#3710);
#1255=VERTEX_POINT('',#3715);
#1256=VERTEX_POINT('',#3720);
#1257=VERTEX_POINT('',#3725);
#1258=VERTEX_POINT('',#3730);
#1259=VERTEX_POINT('',#3735);
#1260=VERTEX_POINT('',#3740);
#1261=VERTEX_POINT('',#3745);
#1262=VERTEX_POINT('',#3750);
#1263=VERTEX_POINT('',#3758);
#1264=VERTEX_POINT('',#3763);
#1265=VERTEX_POINT('',#3770);
#1266=VERTEX_POINT('',#3777);
#1267=VERTEX_POINT('',#3784);
#1268=VERTEX_POINT('',#3805);
#1269=VERTEX_POINT('',#3824);
#1270=VERTEX_POINT('',#3831);
#1271=VERTEX_POINT('',#3838);
#1272=VERTEX_POINT('',#3845);
#1273=VERTEX_POINT('',#3852);
#1274=VERTEX_POINT('',#3869);
#1275=VERTEX_POINT('',#3879);
#1276=VERTEX_POINT('',#3884);
#1277=VERTEX_POINT('',#3891);
#1278=VERTEX_POINT('',#3898);
#1279=VERTEX_POINT('',#3905);
#1280=VERTEX_POINT('',#3926);
#1281=VERTEX_POINT('',#3945);
#1282=VERTEX_POINT('',#3952);
#1283=VERTEX_POINT('',#3959);
#1284=VERTEX_POINT('',#3966);
#1285=VERTEX_POINT('',#3973);
#1286=VERTEX_POINT('',#3990);
#1287=VERTEX_POINT('',#4000);
#1288=VERTEX_POINT('',#4005);
#1289=VERTEX_POINT('',#4012);
#1290=VERTEX_POINT('',#4019);
#1291=VERTEX_POINT('',#4026);
#1292=VERTEX_POINT('',#4047);
#1293=VERTEX_POINT('',#4066);
#1294=VERTEX_POINT('',#4073);
#1295=VERTEX_POINT('',#4080);
#1296=VERTEX_POINT('',#4087);
#1297=VERTEX_POINT('',#4094);
#1298=VERTEX_POINT('',#4111);
#1299=B_SPLINE_CURVE_WITH_KNOTS('',3,(#3001,#3002,#3003,#3004),
 .UNSPECIFIED.,.F.,.F.,(4,4),(0.959284128435908,1.),.UNSPECIFIED.);
#1300=B_SPLINE_CURVE_WITH_KNOTS('',3,(#3007,#3008,#3009,#3010),
 .UNSPECIFIED.,.F.,.F.,(4,4),(0.,0.125978759409103),.UNSPECIFIED.);
#1301=B_SPLINE_CURVE_WITH_KNOTS('',3,(#3012,#3013,#3014,#3015),
 .UNSPECIFIED.,.F.,.F.,(4,4),(0.125978759409103,0.242724448756247),
 .UNSPECIFIED.);
#1302=B_SPLINE_CURVE_WITH_KNOTS('',3,(#3017,#3018,#3019,#3020),
 .UNSPECIFIED.,.F.,.F.,(4,4),(0.242724448756247,0.283985622171644),
 .UNSPECIFIED.);
#1303=B_SPLINE_CURVE_WITH_KNOTS('',3,(#3022,#3023,#3024,#3025,#3026,#3027,
#3028),.UNSPECIFIED.,.F.,.F.,(4,3,4),(0.283985622171644,0.340297701670234,
0.36593437123005),.UNSPECIFIED.);
#1304=B_SPLINE_CURVE_WITH_KNOTS('',3,(#3030,#3031,#3032,#3033,#3034,#3035,
#3036),.UNSPECIFIED.,.F.,.F.,(4,3,4),(0.36593437123005,0.392410781362078,
0.449801112662167),.UNSPECIFIED.);
#1305=B_SPLINE_CURVE_WITH_KNOTS('',3,(#3038,#3039,#3040,#3041),
 .UNSPECIFIED.,.F.,.F.,(4,4),(0.449801112662167,0.490698751510027),
 .UNSPECIFIED.);
#1306=B_SPLINE_CURVE_WITH_KNOTS('',3,(#3043,#3044,#3045,#3046),
 .UNSPECIFIED.,.F.,.F.,(4,4),(0.490698751510027,0.607400850303244),
 .UNSPECIFIED.);
#1307=B_SPLINE_CURVE_WITH_KNOTS('',3,(#3048,#3049,#3050,#3051),
 .UNSPECIFIED.,.F.,.F.,(4,4),(0.607400850303244,0.733318881598662),
 .UNSPECIFIED.);
#1308=B_SPLINE_CURVE_WITH_KNOTS('',3,(#3053,#3054,#3055,#3056),
 .UNSPECIFIED.,.F.,.F.,(4,4),(0.733318881598662,0.774034753162754),
 .UNSPECIFIED.);
#1309=B_SPLINE_CURVE_WITH_KNOTS('',3,(#3058,#3059,#3060,#3061,#3062,#3063,
#3064),.UNSPECIFIED.,.F.,.F.,(4,3,4),(0.774034753162754,0.848143216344851,
0.865947557415635),.UNSPECIFIED.);
#1310=B_SPLINE_CURVE_WITH_KNOTS('',3,(#3066,#3067,#3068,#3069),
 .UNSPECIFIED.,.F.,.F.,(4,4),(0.865947557415635,0.959284128435908),
 .UNSPECIFIED.);
#1311=B_SPLINE_CURVE_WITH_KNOTS('',1,(#3070,#3071),.UNSPECIFIED.,.F.,.F.,
(2,2),(0.870934256055363,1.),.UNSPECIFIED.);
#1312=B_SPLINE_CURVE_WITH_KNOTS('',1,(#3074,#3075),.UNSPECIFIED.,.F.,.F.,
(2,2),(0.,0.173471741637832),.UNSPECIFIED.);
#1313=B_SPLINE_CURVE_WITH_KNOTS('',1,(#3077,#3078),.UNSPECIFIED.,.F.,.F.,
(2,2),(0.173471741637832,0.298500576701269),.UNSPECIFIED.);
#1314=B_SPLINE_CURVE_WITH_KNOTS('',1,(#3080,#3081),.UNSPECIFIED.,.F.,.F.,
(2,2),(0.298500576701269,0.319031141868512),.UNSPECIFIED.);
#1315=B_SPLINE_CURVE_WITH_KNOTS('',1,(#3083,#3084),.UNSPECIFIED.,.F.,.F.,
(2,2),(0.319031141868512,0.420991926182238),.UNSPECIFIED.);
#1316=B_SPLINE_CURVE_WITH_KNOTS('',1,(#3086,#3087),.UNSPECIFIED.,.F.,.F.,
(2,2),(0.420991926182238,0.473933102652826),.UNSPECIFIED.);
#1317=B_SPLINE_CURVE_WITH_KNOTS('',1,(#3089,#3090),.UNSPECIFIED.,.F.,.F.,
(2,2),(0.473933102652826,0.569434832756632),.UNSPECIFIED.);
#1318=B_SPLINE_CURVE_WITH_KNOTS('',1,(#3092,#3093),.UNSPECIFIED.,.F.,.F.,
(2,2),(0.569434832756632,0.589965397923875),.UNSPECIFIED.);
#1319=B_SPLINE_CURVE_WITH_KNOTS('',1,(#3095,#3096),.UNSPECIFIED.,.F.,.F.,
(2,2),(0.589965397923875,0.685467128027682),.UNSPECIFIED.);
#1320=B_SPLINE_CURVE_WITH_KNOTS('',1,(#3098,#3099),.UNSPECIFIED.,.F.,.F.,
(2,2),(0.685467128027682,0.744405997693195),.UNSPECIFIED.);
#1321=B_SPLINE_CURVE_WITH_KNOTS('',1,(#3101,#3102),.UNSPECIFIED.,.F.,.F.,
(2,2),(0.744405997693195,0.85040369088812),.UNSPECIFIED.);
#1322=B_SPLINE_CURVE_WITH_KNOTS('',1,(#3104,#3105),.UNSPECIFIED.,.F.,.F.,
(2,2),(0.85040369088812,0.870934256055363),.UNSPECIFIED.);
#1323=B_SPLINE_CURVE_WITH_KNOTS('',3,(#3116,#3117,#3118,#3119),
 .UNSPECIFIED.,.F.,.F.,(4,4),(0.982933322478248,1.),.UNSPECIFIED.);
#1324=B_SPLINE_CURVE_WITH_KNOTS('',3,(#3122,#3123,#3124,#3125),
 .UNSPECIFIED.,.F.,.F.,(4,4),(0.,0.126959048965976),.UNSPECIFIED.);
#1325=B_SPLINE_CURVE_WITH_KNOTS('',3,(#3127,#3128,#3129,#3130),
 .UNSPECIFIED.,.F.,.F.,(4,4),(0.126959048965976,0.143862409000418),
 .UNSPECIFIED.);
#1326=B_SPLINE_CURVE_WITH_KNOTS('',3,(#3132,#3133,#3134,#3135,#3136,#3137,
#3138),.UNSPECIFIED.,.F.,.F.,(4,3,4),(0.143862409000418,0.226465869525883,
0.252141463961407),.UNSPECIFIED.);
#1327=B_SPLINE_CURVE_WITH_KNOTS('',3,(#3140,#3141,#3142,#3143,#3144,#3145,
#3146),.UNSPECIFIED.,.F.,.F.,(4,3,4),(0.252141463961407,0.275512187704011,
0.361724092208515),.UNSPECIFIED.);
#1328=B_SPLINE_CURVE_WITH_KNOTS('',3,(#3148,#3149,#3150,#3151),
 .UNSPECIFIED.,.F.,.F.,(4,4),(0.361724092208515,0.381403849543301),
 .UNSPECIFIED.);
#1329=B_SPLINE_CURVE_WITH_KNOTS('',3,(#3153,#3154,#3155,#3156,#3157,#3158,
#3159),.UNSPECIFIED.,.F.,.F.,(4,3,4),(0.381403849543301,0.445956468400588,
0.490545504782887),.UNSPECIFIED.);
#1330=B_SPLINE_CURVE_WITH_KNOTS('',3,(#3161,#3162,#3163,#3164,#3165,#3166,
#3167),.UNSPECIFIED.,.F.,.F.,(4,3,4),(0.490545504782887,0.517959850574539,
0.599241813507638),.UNSPECIFIED.);
#1331=B_SPLINE_CURVE_WITH_KNOTS('',3,(#3169,#3170,#3171,#3172),
 .UNSPECIFIED.,.F.,.F.,(4,4),(0.599241813507638,0.615573562333187),
 .UNSPECIFIED.);
#1332=B_SPLINE_CURVE_WITH_KNOTS('',3,(#3174,#3175,#3176,#3177),
 .UNSPECIFIED.,.F.,.F.,(4,4),(0.615573562333187,0.742913036345335),
 .UNSPECIFIED.);
#1333=B_SPLINE_CURVE_WITH_KNOTS('',3,(#3179,#3180,#3181,#3182),
 .UNSPECIFIED.,.F.,.F.,(4,4),(0.742913036345335,0.758918150194372),
 .UNSPECIFIED.);
#1334=B_SPLINE_CURVE_WITH_KNOTS('',3,(#3184,#3185,#3186,#3187,#3188,#3189,
#3190),.UNSPECIFIED.,.F.,.F.,(4,3,4),(0.758918150194372,0.856005486324866,
0.870902333252691),.UNSPECIFIED.);
#1335=B_SPLINE_CURVE_WITH_KNOTS('',3,(#3192,#3193,#3194,#3195,#3196,#3197,
#3198),.UNSPECIFIED.,.F.,.F.,(4,3,4),(0.870902333252691,0.885816140991512,
0.982933322478248),.UNSPECIFIED.);
#1336=B_SPLINE_CURVE_WITH_KNOTS('',3,(#3199,#3200,#3201,#3202),
 .UNSPECIFIED.,.F.,.F.,(4,4),(0.959260710780989,1.),.UNSPECIFIED.);
#1337=B_SPLINE_CURVE_WITH_KNOTS('',3,(#3205,#3206,#3207,#3208),
 .UNSPECIFIED.,.F.,.F.,(4,4),(0.,0.125946338594391),.UNSPECIFIED.);
#1338=B_SPLINE_CURVE_WITH_KNOTS('',3,(#3210,#3211,#3212,#3213),
 .UNSPECIFIED.,.F.,.F.,(4,4),(0.125946338594391,0.242759173999361),
 .UNSPECIFIED.);
#1339=B_SPLINE_CURVE_WITH_KNOTS('',3,(#3215,#3216,#3217,#3218),
 .UNSPECIFIED.,.F.,.F.,(4,4),(0.242759173999361,0.284044078698985),
 .UNSPECIFIED.);
#1340=B_SPLINE_CURVE_WITH_KNOTS('',3,(#3220,#3221,#3222,#3223,#3224,#3225,
#3226),.UNSPECIFIED.,.F.,.F.,(4,3,4),(0.284044078698985,0.340490308313951,
0.36613855914802),.UNSPECIFIED.);
#1341=B_SPLINE_CURVE_WITH_KNOTS('',3,(#3228,#3229,#3230,#3231,#3232,#3233,
#3234),.UNSPECIFIED.,.F.,.F.,(4,3,4),(0.36613855914802,0.392526442434874,
0.450057812053253),.UNSPECIFIED.);
#1342=B_SPLINE_CURVE_WITH_KNOTS('',3,(#3236,#3237,#3238,#3239),
 .UNSPECIFIED.,.F.,.F.,(4,4),(0.450057812053253,0.490797101272265),
 .UNSPECIFIED.);
#1343=B_SPLINE_CURVE_WITH_KNOTS('',3,(#3241,#3242,#3243,#3244),
 .UNSPECIFIED.,.F.,.F.,(4,4),(0.490797101272265,0.607461321850942),
 .UNSPECIFIED.);
#1344=B_SPLINE_CURVE_WITH_KNOTS('',3,(#3246,#3247,#3248,#3249),
 .UNSPECIFIED.,.F.,.F.,(4,4),(0.607461321850942,0.733347372295168),
 .UNSPECIFIED.);
#1345=B_SPLINE_CURVE_WITH_KNOTS('',3,(#3251,#3252,#3253,#3254),
 .UNSPECIFIED.,.F.,.F.,(4,4),(0.733347372295168,0.773904789687309),
 .UNSPECIFIED.);
#1346=B_SPLINE_CURVE_WITH_KNOTS('',3,(#3256,#3257,#3258,#3259,#3260,#3261,
#3262),.UNSPECIFIED.,.F.,.F.,(4,3,4),(0.773904789687309,0.848055876208923,
0.865870457412099),.UNSPECIFIED.);
#1347=B_SPLINE_CURVE_WITH_KNOTS('',3,(#3264,#3265,#3266,#3267),
 .UNSPECIFIED.,.F.,.F.,(4,4),(0.865870457412099,0.959260710780989),
 .UNSPECIFIED.);
#1348=B_SPLINE_CURVE_WITH_KNOTS('',3,(#3268,#3269,#3270,#3271),
 .UNSPECIFIED.,.F.,.F.,(4,4),(0.959260710780989,1.),.UNSPECIFIED.);
#1349=B_SPLINE_CURVE_WITH_KNOTS('',3,(#3274,#3275,#3276,#3277),
 .UNSPECIFIED.,.F.,.F.,(4,4),(0.,0.125946338594391),.UNSPECIFIED.);
#1350=B_SPLINE_CURVE_WITH_KNOTS('',3,(#3279,#3280,#3281,#3282),
 .UNSPECIFIED.,.F.,.F.,(4,4),(0.125946338594391,0.242759173999361),
 .UNSPECIFIED.);
#1351=B_SPLINE_CURVE_WITH_KNOTS('',3,(#3284,#3285,#3286,#3287),
 .UNSPECIFIED.,.F.,.F.,(4,4),(0.242759173999361,0.284044078698985),
 .UNSPECIFIED.);
#1352=B_SPLINE_CURVE_WITH_KNOTS('',3,(#3289,#3290,#3291,#3292,#3293,#3294,
#3295),.UNSPECIFIED.,.F.,.F.,(4,3,4),(0.284044078698985,0.340490308313951,
0.36613855914802),.UNSPECIFIED.);
#1353=B_SPLINE_CURVE_WITH_KNOTS('',3,(#3297,#3298,#3299,#3300,#3301,#3302,
#3303),.UNSPECIFIED.,.F.,.F.,(4,3,4),(0.36613855914802,0.392526442434874,
0.450057812053253),.UNSPECIFIED.);
#1354=B_SPLINE_CURVE_WITH_KNOTS('',3,(#3305,#3306,#3307,#3308),
 .UNSPECIFIED.,.F.,.F.,(4,4),(0.450057812053253,0.490797101272265),
 .UNSPECIFIED.);
#1355=B_SPLINE_CURVE_WITH_KNOTS('',3,(#3310,#3311,#3312,#3313),
 .UNSPECIFIED.,.F.,.F.,(4,4),(0.490797101272265,0.607461321850942),
 .UNSPECIFIED.);
#1356=B_SPLINE_CURVE_WITH_KNOTS('',3,(#3315,#3316,#3317,#3318),
 .UNSPECIFIED.,.F.,.F.,(4,4),(0.607461321850942,0.733347372295168),
 .UNSPECIFIED.);
#1357=B_SPLINE_CURVE_WITH_KNOTS('',3,(#3320,#3321,#3322,#3323),
 .UNSPECIFIED.,.F.,.F.,(4,4),(0.733347372295168,0.773904789687309),
 .UNSPECIFIED.);
#1358=B_SPLINE_CURVE_WITH_KNOTS('',3,(#3325,#3326,#3327,#3328,#3329,#3330,
#3331),.UNSPECIFIED.,.F.,.F.,(4,3,4),(0.773904789687309,0.848055876208923,
0.865870457412099),.UNSPECIFIED.);
#1359=B_SPLINE_CURVE_WITH_KNOTS('',3,(#3333,#3334,#3335,#3336),
 .UNSPECIFIED.,.F.,.F.,(4,4),(0.865870457412099,0.959260710780989),
 .UNSPECIFIED.);
#1360=B_SPLINE_CURVE_WITH_KNOTS('',3,(#3508,#3509,#3510,#3511),
 .UNSPECIFIED.,.F.,.F.,(4,4),(0.982933322478248,1.),.UNSPECIFIED.);
#1361=B_SPLINE_CURVE_WITH_KNOTS('',3,(#3515,#3516,#3517,#3518),
 .UNSPECIFIED.,.F.,.F.,(4,4),(0.,0.126959048965976),.UNSPECIFIED.);
#1362=B_SPLINE_CURVE_WITH_KNOTS('',3,(#3522,#3523,#3524,#3525),
 .UNSPECIFIED.,.F.,.F.,(4,4),(0.126959048965976,0.143862409000418),
 .UNSPECIFIED.);
#1363=B_SPLINE_CURVE_WITH_KNOTS('',3,(#3536,#3537,#3538,#3539,#3540,#3541,
#3542),.UNSPECIFIED.,.F.,.F.,(4,3,4),(0.143862409000418,0.226465869525883,
0.252141463961407),.UNSPECIFIED.);
#1364=B_SPLINE_CURVE_WITH_KNOTS('',3,(#3567,#3568,#3569,#3570,#3571,#3572,
#3573),.UNSPECIFIED.,.F.,.F.,(4,3,4),(0.252141463961407,0.275512187704011,
0.361724092208515),.UNSPECIFIED.);
#1365=B_SPLINE_CURVE_WITH_KNOTS('',3,(#3577,#3578,#3579,#3580),
 .UNSPECIFIED.,.F.,.F.,(4,4),(0.361724092208515,0.381403849543301),
 .UNSPECIFIED.);
#1366=B_SPLINE_CURVE_WITH_KNOTS('',3,(#3593,#3594,#3595,#3596,#3597,#3598,
#3599),.UNSPECIFIED.,.F.,.F.,(4,3,4),(0.381403849543301,0.445956468400588,
0.490545504782887),.UNSPECIFIED.);
#1367=B_SPLINE_CURVE_WITH_KNOTS('',3,(#3614,#3615,#3616,#3617,#3618,#3619,
#3620),.UNSPECIFIED.,.F.,.F.,(4,3,4),(0.490545504782887,0.517959850574539,
0.599241813507638),.UNSPECIFIED.);
#1368=B_SPLINE_CURVE_WITH_KNOTS('',3,(#3624,#3625,#3626,#3627),
 .UNSPECIFIED.,.F.,.F.,(4,4),(0.599241813507638,0.615573562333187),
 .UNSPECIFIED.);
#1369=B_SPLINE_CURVE_WITH_KNOTS('',3,(#3631,#3632,#3633,#3634),
 .UNSPECIFIED.,.F.,.F.,(4,4),(0.615573562333187,0.742913036345335),
 .UNSPECIFIED.);
#1370=B_SPLINE_CURVE_WITH_KNOTS('',3,(#3638,#3639,#3640,#3641),
 .UNSPECIFIED.,.F.,.F.,(4,4),(0.742913036345335,0.758918150194372),
 .UNSPECIFIED.);
#1371=B_SPLINE_CURVE_WITH_KNOTS('',3,(#3664,#3665,#3666,#3667,#3668,#3669,
#3670),.UNSPECIFIED.,.F.,.F.,(4,3,4),(0.758918150194372,0.856005486324866,
0.870902333252691),.UNSPECIFIED.);
#1372=B_SPLINE_CURVE_WITH_KNOTS('',3,(#3687,#3688,#3689,#3690,#3691,#3692,
#3693),.UNSPECIFIED.,.F.,.F.,(4,3,4),(0.870902333252691,0.885816140991512,
0.982933322478248),.UNSPECIFIED.);
#1373=B_SPLINE_CURVE_WITH_KNOTS('',1,(#3698,#3699),.UNSPECIFIED.,.F.,.F.,
(2,2),(0.870934256055363,1.),.UNSPECIFIED.);
#1374=B_SPLINE_CURVE_WITH_KNOTS('',1,(#3703,#3704),.UNSPECIFIED.,.F.,.F.,
(2,2),(0.,0.173471741637832),.UNSPECIFIED.);
#1375=B_SPLINE_CURVE_WITH_KNOTS('',1,(#3708,#3709),.UNSPECIFIED.,.F.,.F.,
(2,2),(0.173471741637832,0.298500576701269),.UNSPECIFIED.);
#1376=B_SPLINE_CURVE_WITH_KNOTS('',1,(#3713,#3714),.UNSPECIFIED.,.F.,.F.,
(2,2),(0.298500576701269,0.319031141868512),.UNSPECIFIED.);
#1377=B_SPLINE_CURVE_WITH_KNOTS('',1,(#3718,#3719),.UNSPECIFIED.,.F.,.F.,
(2,2),(0.319031141868512,0.420991926182238),.UNSPECIFIED.);
#1378=B_SPLINE_CURVE_WITH_KNOTS('',1,(#3723,#3724),.UNSPECIFIED.,.F.,.F.,
(2,2),(0.420991926182238,0.473933102652826),.UNSPECIFIED.);
#1379=B_SPLINE_CURVE_WITH_KNOTS('',1,(#3728,#3729),.UNSPECIFIED.,.F.,.F.,
(2,2),(0.473933102652826,0.569434832756632),.UNSPECIFIED.);
#1380=B_SPLINE_CURVE_WITH_KNOTS('',1,(#3733,#3734),.UNSPECIFIED.,.F.,.F.,
(2,2),(0.569434832756632,0.589965397923875),.UNSPECIFIED.);
#1381=B_SPLINE_CURVE_WITH_KNOTS('',1,(#3738,#3739),.UNSPECIFIED.,.F.,.F.,
(2,2),(0.589965397923875,0.685467128027682),.UNSPECIFIED.);
#1382=B_SPLINE_CURVE_WITH_KNOTS('',1,(#3743,#3744),.UNSPECIFIED.,.F.,.F.,
(2,2),(0.685467128027682,0.744405997693195),.UNSPECIFIED.);
#1383=B_SPLINE_CURVE_WITH_KNOTS('',1,(#3748,#3749),.UNSPECIFIED.,.F.,.F.,
(2,2),(0.744405997693195,0.85040369088812),.UNSPECIFIED.);
#1384=B_SPLINE_CURVE_WITH_KNOTS('',1,(#3753,#3754),.UNSPECIFIED.,.F.,.F.,
(2,2),(0.85040369088812,0.870934256055363),.UNSPECIFIED.);
#1385=B_SPLINE_CURVE_WITH_KNOTS('',3,(#3759,#3760,#3761,#3762),
 .UNSPECIFIED.,.F.,.F.,(4,4),(0.959260710780989,1.),.UNSPECIFIED.);
#1386=B_SPLINE_CURVE_WITH_KNOTS('',3,(#3766,#3767,#3768,#3769),
 .UNSPECIFIED.,.F.,.F.,(4,4),(0.,0.125946338594391),.UNSPECIFIED.);
#1387=B_SPLINE_CURVE_WITH_KNOTS('',3,(#3773,#3774,#3775,#3776),
 .UNSPECIFIED.,.F.,.F.,(4,4),(0.125946338594391,0.242759173999361),
 .UNSPECIFIED.);
#1388=B_SPLINE_CURVE_WITH_KNOTS('',3,(#3780,#3781,#3782,#3783),
 .UNSPECIFIED.,.F.,.F.,(4,4),(0.242759173999361,0.284044078698985),
 .UNSPECIFIED.);
#1389=B_SPLINE_CURVE_WITH_KNOTS('',3,(#3798,#3799,#3800,#3801,#3802,#3803,
#3804),.UNSPECIFIED.,.F.,.F.,(4,3,4),(0.284044078698985,0.340490308313951,
0.36613855914802),.UNSPECIFIED.);
#1390=B_SPLINE_CURVE_WITH_KNOTS('',3,(#3817,#3818,#3819,#3820,#3821,#3822,
#3823),.UNSPECIFIED.,.F.,.F.,(4,3,4),(0.36613855914802,0.392526442434874,
0.450057812053253),.UNSPECIFIED.);
#1391=B_SPLINE_CURVE_WITH_KNOTS('',3,(#3827,#3828,#3829,#3830),
 .UNSPECIFIED.,.F.,.F.,(4,4),(0.450057812053253,0.490797101272265),
 .UNSPECIFIED.);
#1392=B_SPLINE_CURVE_WITH_KNOTS('',3,(#3834,#3835,#3836,#3837),
 .UNSPECIFIED.,.F.,.F.,(4,4),(0.490797101272265,0.607461321850942),
 .UNSPECIFIED.);
#1393=B_SPLINE_CURVE_WITH_KNOTS('',3,(#3841,#3842,#3843,#3844),
 .UNSPECIFIED.,.F.,.F.,(4,4),(0.607461321850942,0.733347372295168),
 .UNSPECIFIED.);
#1394=B_SPLINE_CURVE_WITH_KNOTS('',3,(#3848,#3849,#3850,#3851),
 .UNSPECIFIED.,.F.,.F.,(4,4),(0.733347372295168,0.773904789687309),
 .UNSPECIFIED.);
#1395=B_SPLINE_CURVE_WITH_KNOTS('',3,(#3862,#3863,#3864,#3865,#3866,#3867,
#3868),.UNSPECIFIED.,.F.,.F.,(4,3,4),(0.773904789687309,0.848055876208923,
0.865870457412099),.UNSPECIFIED.);
#1396=B_SPLINE_CURVE_WITH_KNOTS('',3,(#3872,#3873,#3874,#3875),
 .UNSPECIFIED.,.F.,.F.,(4,4),(0.865870457412099,0.959260710780989),
 .UNSPECIFIED.);
#1397=B_SPLINE_CURVE_WITH_KNOTS('',3,(#3880,#3881,#3882,#3883),
 .UNSPECIFIED.,.F.,.F.,(4,4),(0.959284128435908,1.),.UNSPECIFIED.);
#1398=B_SPLINE_CURVE_WITH_KNOTS('',3,(#3887,#3888,#3889,#3890),
 .UNSPECIFIED.,.F.,.F.,(4,4),(0.,0.125978759409103),.UNSPECIFIED.);
#1399=B_SPLINE_CURVE_WITH_KNOTS('',3,(#3894,#3895,#3896,#3897),
 .UNSPECIFIED.,.F.,.F.,(4,4),(0.125978759409103,0.242724448756247),
 .UNSPECIFIED.);
#1400=B_SPLINE_CURVE_WITH_KNOTS('',3,(#3901,#3902,#3903,#3904),
 .UNSPECIFIED.,.F.,.F.,(4,4),(0.242724448756247,0.283985622171644),
 .UNSPECIFIED.);
#1401=B_SPLINE_CURVE_WITH_KNOTS('',3,(#3919,#3920,#3921,#3922,#3923,#3924,
#3925),.UNSPECIFIED.,.F.,.F.,(4,3,4),(0.283985622171644,0.340297701670234,
0.36593437123005),.UNSPECIFIED.);
#1402=B_SPLINE_CURVE_WITH_KNOTS('',3,(#3938,#3939,#3940,#3941,#3942,#3943,
#3944),.UNSPECIFIED.,.F.,.F.,(4,3,4),(0.36593437123005,0.392410781362078,
0.449801112662167),.UNSPECIFIED.);
#1403=B_SPLINE_CURVE_WITH_KNOTS('',3,(#3948,#3949,#3950,#3951),
 .UNSPECIFIED.,.F.,.F.,(4,4),(0.449801112662167,0.490698751510027),
 .UNSPECIFIED.);
#1404=B_SPLINE_CURVE_WITH_KNOTS('',3,(#3955,#3956,#3957,#3958),
 .UNSPECIFIED.,.F.,.F.,(4,4),(0.490698751510027,0.607400850303244),
 .UNSPECIFIED.);
#1405=B_SPLINE_CURVE_WITH_KNOTS('',3,(#3962,#3963,#3964,#3965),
 .UNSPECIFIED.,.F.,.F.,(4,4),(0.607400850303244,0.733318881598662),
 .UNSPECIFIED.);
#1406=B_SPLINE_CURVE_WITH_KNOTS('',3,(#3969,#3970,#3971,#3972),
 .UNSPECIFIED.,.F.,.F.,(4,4),(0.733318881598662,0.774034753162754),
 .UNSPECIFIED.);
#1407=B_SPLINE_CURVE_WITH_KNOTS('',3,(#3983,#3984,#3985,#3986,#3987,#3988,
#3989),.UNSPECIFIED.,.F.,.F.,(4,3,4),(0.774034753162754,0.848143216344851,
0.865947557415635),.UNSPECIFIED.);
#1408=B_SPLINE_CURVE_WITH_KNOTS('',3,(#3993,#3994,#3995,#3996),
 .UNSPECIFIED.,.F.,.F.,(4,4),(0.865947557415635,0.959284128435908),
 .UNSPECIFIED.);
#1409=B_SPLINE_CURVE_WITH_KNOTS('',3,(#4001,#4002,#4003,#4004),
 .UNSPECIFIED.,.F.,.F.,(4,4),(0.959260710780989,1.),.UNSPECIFIED.);
#1410=B_SPLINE_CURVE_WITH_KNOTS('',3,(#4008,#4009,#4010,#4011),
 .UNSPECIFIED.,.F.,.F.,(4,4),(0.,0.125946338594391),.UNSPECIFIED.);
#1411=B_SPLINE_CURVE_WITH_KNOTS('',3,(#4015,#4016,#4017,#4018),
 .UNSPECIFIED.,.F.,.F.,(4,4),(0.125946338594391,0.242759173999361),
 .UNSPECIFIED.);
#1412=B_SPLINE_CURVE_WITH_KNOTS('',3,(#4022,#4023,#4024,#4025),
 .UNSPECIFIED.,.F.,.F.,(4,4),(0.242759173999361,0.284044078698985),
 .UNSPECIFIED.);
#1413=B_SPLINE_CURVE_WITH_KNOTS('',3,(#4040,#4041,#4042,#4043,#4044,#4045,
#4046),.UNSPECIFIED.,.F.,.F.,(4,3,4),(0.284044078698985,0.340490308313951,
0.36613855914802),.UNSPECIFIED.);
#1414=B_SPLINE_CURVE_WITH_KNOTS('',3,(#4059,#4060,#4061,#4062,#4063,#4064,
#4065),.UNSPECIFIED.,.F.,.F.,(4,3,4),(0.36613855914802,0.392526442434874,
0.450057812053253),.UNSPECIFIED.);
#1415=B_SPLINE_CURVE_WITH_KNOTS('',3,(#4069,#4070,#4071,#4072),
 .UNSPECIFIED.,.F.,.F.,(4,4),(0.450057812053253,0.490797101272265),
 .UNSPECIFIED.);
#1416=B_SPLINE_CURVE_WITH_KNOTS('',3,(#4076,#4077,#4078,#4079),
 .UNSPECIFIED.,.F.,.F.,(4,4),(0.490797101272265,0.607461321850942),
 .UNSPECIFIED.);
#1417=B_SPLINE_CURVE_WITH_KNOTS('',3,(#4083,#4084,#4085,#4086),
 .UNSPECIFIED.,.F.,.F.,(4,4),(0.607461321850942,0.733347372295168),
 .UNSPECIFIED.);
#1418=B_SPLINE_CURVE_WITH_KNOTS('',3,(#4090,#4091,#4092,#4093),
 .UNSPECIFIED.,.F.,.F.,(4,4),(0.733347372295168,0.773904789687309),
 .UNSPECIFIED.);
#1419=B_SPLINE_CURVE_WITH_KNOTS('',3,(#4104,#4105,#4106,#4107,#4108,#4109,
#4110),.UNSPECIFIED.,.F.,.F.,(4,3,4),(0.773904789687309,0.848055876208923,
0.865870457412099),.UNSPECIFIED.);
#1420=B_SPLINE_CURVE_WITH_KNOTS('',3,(#4114,#4115,#4116,#4117),
 .UNSPECIFIED.,.F.,.F.,(4,4),(0.865870457412099,0.959260710780989),
 .UNSPECIFIED.);
#1421=EDGE_LOOP('',(#312,#313,#314,#315,#316,#317,#318,#319,#320,#321,#322,
#323));
#1422=EDGE_LOOP('',(#324,#325,#326,#327,#328,#329,#330,#331,#332,#333,#334,
#335));
#1423=EDGE_LOOP('',(#336,#337,#338,#339));
#1424=EDGE_LOOP('',(#340));
#1425=EDGE_LOOP('',(#341,#342,#343,#344,#345,#346,#347,#348,#349,#350,#351,
#352,#353));
#1426=EDGE_LOOP('',(#354,#355,#356,#357,#358,#359,#360,#361,#362,#363,#364,
#365));
#1427=EDGE_LOOP('',(#366,#367,#368,#369,#370,#371,#372,#373,#374,#375,#376,
#377));
#1428=EDGE_LOOP('',(#378,#379,#380,#381));
#1429=EDGE_LOOP('',(#382,#383,#384,#385));
#1430=EDGE_LOOP('',(#386,#387,#388,#389));
#1431=EDGE_LOOP('',(#390,#391,#392,#393));
#1432=EDGE_LOOP('',(#394,#395,#396,#397));
#1433=EDGE_LOOP('',(#398,#399,#400,#401));
#1434=EDGE_LOOP('',(#402,#403,#404,#405));
#1435=EDGE_LOOP('',(#406,#407,#408,#409));
#1436=EDGE_LOOP('',(#410,#411,#412,#413,#414,#415,#416,#417));
#1437=EDGE_LOOP('',(#418,#419,#420,#421));
#1438=EDGE_LOOP('',(#422,#423,#424,#425));
#1439=EDGE_LOOP('',(#426,#427,#428,#429));
#1440=EDGE_LOOP('',(#430,#431,#432,#433,#434,#435));
#1441=EDGE_LOOP('',(#436,#437,#438,#439));
#1442=EDGE_LOOP('',(#440,#441,#442,#443,#444,#445));
#1443=EDGE_LOOP('',(#446,#447,#448,#449));
#1444=EDGE_LOOP('',(#450,#451,#452,#453));
#1445=EDGE_LOOP('',(#454,#455,#456,#457,#458,#459));
#1446=EDGE_LOOP('',(#460,#461,#462,#463));
#1447=EDGE_LOOP('',(#464,#465,#466,#467,#468,#469));
#1448=EDGE_LOOP('',(#470,#471,#472,#473));
#1449=EDGE_LOOP('',(#474,#475,#476,#477));
#1450=EDGE_LOOP('',(#478,#479,#480,#481));
#1451=EDGE_LOOP('',(#482,#483,#484,#485));
#1452=EDGE_LOOP('',(#486,#487,#488,#489));
#1453=EDGE_LOOP('',(#490,#491,#492,#493,#494,#495,#496,#497));
#1454=EDGE_LOOP('',(#498,#499,#500,#501,#502,#503,#504,#505));
#1455=EDGE_LOOP('',(#506,#507,#508));
#1456=EDGE_LOOP('',(#509,#510,#511));
#1457=EDGE_LOOP('',(#512,#513,#514));
#1458=EDGE_LOOP('',(#515,#516,#517));
#1459=EDGE_LOOP('',(#518,#519,#520,#521,#522,#523));
#1460=EDGE_LOOP('',(#524,#525,#526,#527,#528,#529));
#1461=EDGE_LOOP('',(#530,#531,#532,#533,#534,#535));
#1462=EDGE_LOOP('',(#536,#537,#538,#539,#540,#541));
#1463=EDGE_LOOP('',(#542));
#1464=EDGE_LOOP('',(#543));
#1465=EDGE_LOOP('',(#544));
#1466=EDGE_LOOP('',(#545,#546,#547,#548));
#1467=EDGE_LOOP('',(#549,#550,#551,#552));
#1468=EDGE_LOOP('',(#553,#554,#555,#556));
#1469=EDGE_LOOP('',(#557,#558,#559,#560));
#1470=EDGE_LOOP('',(#561,#562,#563,#564));
#1471=EDGE_LOOP('',(#565,#566,#567,#568));
#1472=EDGE_LOOP('',(#569,#570,#571,#572));
#1473=EDGE_LOOP('',(#573,#574,#575,#576));
#1474=EDGE_LOOP('',(#577,#578,#579,#580));
#1475=EDGE_LOOP('',(#581,#582,#583,#584));
#1476=EDGE_LOOP('',(#585,#586,#587,#588));
#1477=EDGE_LOOP('',(#589,#590,#591,#592));
#1478=EDGE_LOOP('',(#593,#594,#595,#596));
#1479=EDGE_LOOP('',(#597,#598,#599,#600,#601,#602,#603,#604,#605,#606,#607,
#608,#609));
#1480=EDGE_LOOP('',(#610,#611,#612,#613));
#1481=EDGE_LOOP('',(#614,#615,#616,#617));
#1482=EDGE_LOOP('',(#618,#619,#620,#621));
#1483=EDGE_LOOP('',(#622,#623,#624,#625));
#1484=EDGE_LOOP('',(#626,#627,#628,#629));
#1485=EDGE_LOOP('',(#630,#631,#632,#633));
#1486=EDGE_LOOP('',(#634,#635,#636,#637));
#1487=EDGE_LOOP('',(#638,#639,#640,#641));
#1488=EDGE_LOOP('',(#642,#643,#644,#645));
#1489=EDGE_LOOP('',(#646,#647,#648,#649));
#1490=EDGE_LOOP('',(#650,#651,#652,#653));
#1491=EDGE_LOOP('',(#654,#655,#656,#657));
#1492=EDGE_LOOP('',(#658,#659,#660,#661,#662,#663,#664,#665,#666,#667,#668,
#669));
#1493=EDGE_LOOP('',(#670,#671,#672,#673));
#1494=EDGE_LOOP('',(#674,#675,#676,#677));
#1495=EDGE_LOOP('',(#678,#679,#680,#681));
#1496=EDGE_LOOP('',(#682,#683,#684,#685));
#1497=EDGE_LOOP('',(#686,#687,#688,#689));
#1498=EDGE_LOOP('',(#690,#691,#692,#693));
#1499=EDGE_LOOP('',(#694,#695,#696,#697));
#1500=EDGE_LOOP('',(#698,#699,#700,#701));
#1501=EDGE_LOOP('',(#702,#703,#704,#705));
#1502=EDGE_LOOP('',(#706,#707,#708,#709));
#1503=EDGE_LOOP('',(#710,#711,#712,#713));
#1504=EDGE_LOOP('',(#714,#715,#716,#717));
#1505=EDGE_LOOP('',(#718,#719,#720,#721,#722,#723,#724,#725,#726,#727,#728,
#729));
#1506=EDGE_LOOP('',(#730,#731,#732,#733));
#1507=EDGE_LOOP('',(#734,#735,#736,#737));
#1508=EDGE_LOOP('',(#738,#739,#740,#741));
#1509=EDGE_LOOP('',(#742,#743,#744,#745));
#1510=EDGE_LOOP('',(#746,#747,#748,#749));
#1511=EDGE_LOOP('',(#750,#751,#752,#753));
#1512=EDGE_LOOP('',(#754,#755,#756,#757));
#1513=EDGE_LOOP('',(#758,#759,#760,#761));
#1514=EDGE_LOOP('',(#762,#763,#764,#765));
#1515=EDGE_LOOP('',(#766,#767,#768,#769));
#1516=EDGE_LOOP('',(#770,#771,#772,#773));
#1517=EDGE_LOOP('',(#774,#775,#776,#777));
#1518=EDGE_LOOP('',(#778,#779,#780,#781,#782,#783,#784,#785,#786,#787,#788,
#789));
#1519=EDGE_LOOP('',(#790,#791,#792,#793));
#1520=EDGE_LOOP('',(#794,#795,#796,#797));
#1521=EDGE_LOOP('',(#798,#799,#800,#801));
#1522=EDGE_LOOP('',(#802,#803,#804,#805));
#1523=EDGE_LOOP('',(#806,#807,#808,#809));
#1524=EDGE_LOOP('',(#810,#811,#812,#813));
#1525=EDGE_LOOP('',(#814,#815,#816,#817));
#1526=EDGE_LOOP('',(#818,#819,#820,#821));
#1527=EDGE_LOOP('',(#822,#823,#824,#825));
#1528=EDGE_LOOP('',(#826,#827,#828,#829));
#1529=EDGE_LOOP('',(#830,#831,#832,#833));
#1530=EDGE_LOOP('',(#834,#835,#836,#837));
#1531=EDGE_LOOP('',(#838,#839,#840,#841,#842,#843,#844,#845,#846,#847,#848,
#849));
#1532=FACE_BOUND('',#1421,.T.);
#1533=FACE_BOUND('',#1422,.T.);
#1534=FACE_BOUND('',#1423,.T.);
#1535=FACE_BOUND('',#1424,.T.);
#1536=FACE_BOUND('',#1425,.T.);
#1537=FACE_BOUND('',#1426,.T.);
#1538=FACE_BOUND('',#1427,.T.);
#1539=FACE_BOUND('',#1428,.T.);
#1540=FACE_BOUND('',#1429,.T.);
#1541=FACE_BOUND('',#1430,.T.);
#1542=FACE_BOUND('',#1431,.T.);
#1543=FACE_BOUND('',#1432,.T.);
#1544=FACE_BOUND('',#1433,.T.);
#1545=FACE_BOUND('',#1434,.T.);
#1546=FACE_BOUND('',#1435,.T.);
#1547=FACE_BOUND('',#1436,.T.);
#1548=FACE_BOUND('',#1437,.T.);
#1549=FACE_BOUND('',#1438,.T.);
#1550=FACE_BOUND('',#1439,.T.);
#1551=FACE_BOUND('',#1440,.T.);
#1552=FACE_BOUND('',#1441,.T.);
#1553=FACE_BOUND('',#1442,.T.);
#1554=FACE_BOUND('',#1443,.T.);
#1555=FACE_BOUND('',#1444,.T.);
#1556=FACE_BOUND('',#1445,.T.);
#1557=FACE_BOUND('',#1446,.T.);
#1558=FACE_BOUND('',#1447,.T.);
#1559=FACE_BOUND('',#1448,.T.);
#1560=FACE_BOUND('',#1449,.T.);
#1561=FACE_BOUND('',#1450,.T.);
#1562=FACE_BOUND('',#1451,.T.);
#1563=FACE_BOUND('',#1452,.T.);
#1564=FACE_BOUND('',#1453,.T.);
#1565=FACE_BOUND('',#1454,.T.);
#1566=FACE_BOUND('',#1455,.T.);
#1567=FACE_BOUND('',#1456,.T.);
#1568=FACE_BOUND('',#1457,.T.);
#1569=FACE_BOUND('',#1458,.T.);
#1570=FACE_BOUND('',#1459,.T.);
#1571=FACE_BOUND('',#1460,.T.);
#1572=FACE_BOUND('',#1461,.T.);
#1573=FACE_BOUND('',#1462,.T.);
#1574=FACE_BOUND('',#1463,.T.);
#1575=FACE_BOUND('',#1464,.T.);
#1576=FACE_BOUND('',#1465,.T.);
#1577=FACE_BOUND('',#1466,.T.);
#1578=FACE_BOUND('',#1467,.T.);
#1579=FACE_BOUND('',#1468,.T.);
#1580=FACE_BOUND('',#1469,.T.);
#1581=FACE_BOUND('',#1470,.T.);
#1582=FACE_BOUND('',#1471,.T.);
#1583=FACE_BOUND('',#1472,.T.);
#1584=FACE_BOUND('',#1473,.T.);
#1585=FACE_BOUND('',#1474,.T.);
#1586=FACE_BOUND('',#1475,.T.);
#1587=FACE_BOUND('',#1476,.T.);
#1588=FACE_BOUND('',#1477,.T.);
#1589=FACE_BOUND('',#1478,.T.);
#1590=FACE_BOUND('',#1479,.T.);
#1591=FACE_BOUND('',#1480,.T.);
#1592=FACE_BOUND('',#1481,.T.);
#1593=FACE_BOUND('',#1482,.T.);
#1594=FACE_BOUND('',#1483,.T.);
#1595=FACE_BOUND('',#1484,.T.);
#1596=FACE_BOUND('',#1485,.T.);
#1597=FACE_BOUND('',#1486,.T.);
#1598=FACE_BOUND('',#1487,.T.);
#1599=FACE_BOUND('',#1488,.T.);
#1600=FACE_BOUND('',#1489,.T.);
#1601=FACE_BOUND('',#1490,.T.);
#1602=FACE_BOUND('',#1491,.T.);
#1603=FACE_BOUND('',#1492,.T.);
#1604=FACE_BOUND('',#1493,.T.);
#1605=FACE_BOUND('',#1494,.T.);
#1606=FACE_BOUND('',#1495,.T.);
#1607=FACE_BOUND('',#1496,.T.);
#1608=FACE_BOUND('',#1497,.T.);
#1609=FACE_BOUND('',#1498,.T.);
#1610=FACE_BOUND('',#1499,.T.);
#1611=FACE_BOUND('',#1500,.T.);
#1612=FACE_BOUND('',#1501,.T.);
#1613=FACE_BOUND('',#1502,.T.);
#1614=FACE_BOUND('',#1503,.T.);
#1615=FACE_BOUND('',#1504,.T.);
#1616=FACE_BOUND('',#1505,.T.);
#1617=FACE_BOUND('',#1506,.T.);
#1618=FACE_BOUND('',#1507,.T.);
#1619=FACE_BOUND('',#1508,.T.);
#1620=FACE_BOUND('',#1509,.T.);
#1621=FACE_BOUND('',#1510,.T.);
#1622=FACE_BOUND('',#1511,.T.);
#1623=FACE_BOUND('',#1512,.T.);
#1624=FACE_BOUND('',#1513,.T.);
#1625=FACE_BOUND('',#1514,.T.);
#1626=FACE_BOUND('',#1515,.T.);
#1627=FACE_BOUND('',#1516,.T.);
#1628=FACE_BOUND('',#1517,.T.);
#1629=FACE_BOUND('',#1518,.T.);
#1630=FACE_BOUND('',#1519,.T.);
#1631=FACE_BOUND('',#1520,.T.);
#1632=FACE_BOUND('',#1521,.T.);
#1633=FACE_BOUND('',#1522,.T.);
#1634=FACE_BOUND('',#1523,.T.);
#1635=FACE_BOUND('',#1524,.T.);
#1636=FACE_BOUND('',#1525,.T.);
#1637=FACE_BOUND('',#1526,.T.);
#1638=FACE_BOUND('',#1527,.T.);
#1639=FACE_BOUND('',#1528,.T.);
#1640=FACE_BOUND('',#1529,.T.);
#1641=FACE_BOUND('',#1530,.T.);
#1642=FACE_BOUND('',#1531,.T.);
#1643=PLANE('',#2532);
#1644=PLANE('',#2534);
#1645=PLANE('',#2535);
#1646=PLANE('',#2536);
#1647=PLANE('',#2537);
#1648=PLANE('',#2550);
#1649=PLANE('',#2551);
#1650=PLANE('',#2552);
#1651=PLANE('',#2555);
#1652=PLANE('',#2556);
#1653=PLANE('',#2559);
#1654=PLANE('',#2560);
#1655=PLANE('',#2561);
#1656=PLANE('',#2564);
#1657=PLANE('',#2565);
#1658=PLANE('',#2568);
#1659=PLANE('',#2573);
#1660=PLANE('',#2590);
#1661=PLANE('',#2591);
#1662=PLANE('',#2592);
#1663=PLANE('',#2593);
#1664=PLANE('',#2596);
#1665=PLANE('',#2597);
#1666=PLANE('',#2598);
#1667=PLANE('',#2599);
#1668=PLANE('',#2600);
#1669=PLANE('',#2601);
#1670=PLANE('',#2602);
#1671=PLANE('',#2603);
#1672=PLANE('',#2604);
#1673=PLANE('',#2605);
#1674=PLANE('',#2606);
#1675=PLANE('',#2607);
#1676=PLANE('',#2608);
#1677=PLANE('',#2609);
#1678=PLANE('',#2610);
#1679=PLANE('',#2611);
#1680=PLANE('',#2612);
#1681=PLANE('',#2613);
#1682=PLANE('',#2614);
#1683=PLANE('',#2615);
#1684=PLANE('',#2616);
#1685=PLANE('',#2617);
#1686=PLANE('',#2618);
#1687=PLANE('',#2619);
#1688=PLANE('',#2620);
#1689=PLANE('',#2621);
#1690=PLANE('',#2622);
#1691=PLANE('',#2623);
#1692=PLANE('',#2624);
#1693=PLANE('',#2625);
#1694=PLANE('',#2626);
#1695=PLANE('',#2627);
#1696=PLANE('',#2628);
#1697=PLANE('',#2629);
#1698=PLANE('',#2630);
#1699=PLANE('',#2631);
#1700=PLANE('',#2632);
#1701=PLANE('',#2633);
#1702=PLANE('',#2634);
#1703=PLANE('',#2635);
#1704=PLANE('',#2636);
#1705=PLANE('',#2637);
#1706=PLANE('',#2638);
#1707=PLANE('',#2639);
#1708=PLANE('',#2640);
#1709=PLANE('',#2641);
#1710=PLANE('',#2642);
#1711=PLANE('',#2643);
#1712=PLANE('',#2644);
#1713=PLANE('',#2645);
#1714=PLANE('',#2646);
#1715=PLANE('',#2647);
#1716=STYLED_ITEM('',(#1817),#2426);
#1717=STYLED_ITEM('',(#1818),#2427);
#1718=STYLED_ITEM('',(#1819),#2428);
#1719=STYLED_ITEM('',(#1820),#2429);
#1720=STYLED_ITEM('',(#1821),#2430);
#1721=STYLED_ITEM('',(#1822),#2431);
#1722=STYLED_ITEM('',(#1823),#2432);
#1723=STYLED_ITEM('',(#1824),#2433);
#1724=STYLED_ITEM('',(#1825),#2434);
#1725=STYLED_ITEM('',(#1826),#2435);
#1726=STYLED_ITEM('',(#1827),#2436);
#1727=STYLED_ITEM('',(#1828),#2437);
#1728=STYLED_ITEM('',(#1829),#2438);
#1729=STYLED_ITEM('',(#1830),#2439);
#1730=STYLED_ITEM('',(#1831),#2440);
#1731=STYLED_ITEM('',(#1832),#2441);
#1732=STYLED_ITEM('',(#1833),#2442);
#1733=STYLED_ITEM('',(#1834),#2443);
#1734=STYLED_ITEM('',(#1835),#2444);
#1735=STYLED_ITEM('',(#1836),#2445);
#1736=STYLED_ITEM('',(#1837),#2446);
#1737=STYLED_ITEM('',(#1838),#2447);
#1738=STYLED_ITEM('',(#1839),#2448);
#1739=STYLED_ITEM('',(#1840),#2449);
#1740=STYLED_ITEM('',(#1841),#2450);
#1741=STYLED_ITEM('',(#1842),#2451);
#1742=STYLED_ITEM('',(#1843),#2452);
#1743=STYLED_ITEM('',(#1844),#2453);
#1744=STYLED_ITEM('',(#1845),#2454);
#1745=STYLED_ITEM('',(#1846),#2455);
#1746=STYLED_ITEM('',(#1847),#2456);
#1747=STYLED_ITEM('',(#1848),#2457);
#1748=STYLED_ITEM('',(#1849),#2458);
#1749=STYLED_ITEM('',(#1850),#2459);
#1750=STYLED_ITEM('',(#1851),#2460);
#1751=STYLED_ITEM('',(#1852),#2461);
#1752=STYLED_ITEM('',(#1853),#2462);
#1753=STYLED_ITEM('',(#1854),#2463);
#1754=STYLED_ITEM('',(#1855),#2464);
#1755=STYLED_ITEM('',(#1856),#2465);
#1756=STYLED_ITEM('',(#1857),#2466);
#1757=STYLED_ITEM('',(#1858),#2467);
#1758=STYLED_ITEM('',(#1859),#2468);
#1759=STYLED_ITEM('',(#1860),#2469);
#1760=STYLED_ITEM('',(#1861),#2470);
#1761=STYLED_ITEM('',(#1862),#2471);
#1762=STYLED_ITEM('',(#1863),#2472);
#1763=STYLED_ITEM('',(#1864),#2473);
#1764=STYLED_ITEM('',(#1865),#2474);
#1765=STYLED_ITEM('',(#1866),#2475);
#1766=STYLED_ITEM('',(#1867),#2476);
#1767=STYLED_ITEM('',(#1868),#2477);
#1768=STYLED_ITEM('',(#1869),#2478);
#1769=STYLED_ITEM('',(#1870),#2479);
#1770=STYLED_ITEM('',(#1871),#2480);
#1771=STYLED_ITEM('',(#1872),#2481);
#1772=STYLED_ITEM('',(#1873),#2482);
#1773=STYLED_ITEM('',(#1874),#2483);
#1774=STYLED_ITEM('',(#1875),#2484);
#1775=STYLED_ITEM('',(#1876),#2485);
#1776=STYLED_ITEM('',(#1877),#2486);
#1777=STYLED_ITEM('',(#1878),#2487);
#1778=STYLED_ITEM('',(#1879),#2488);
#1779=STYLED_ITEM('',(#1880),#2489);
#1780=STYLED_ITEM('',(#1881),#2490);
#1781=STYLED_ITEM('',(#1882),#2491);
#1782=STYLED_ITEM('',(#1883),#2492);
#1783=STYLED_ITEM('',(#1884),#2493);
#1784=STYLED_ITEM('',(#1885),#2494);
#1785=STYLED_ITEM('',(#1886),#2495);
#1786=STYLED_ITEM('',(#1887),#2496);
#1787=STYLED_ITEM('',(#1888),#2497);
#1788=STYLED_ITEM('',(#1889),#2498);
#1789=STYLED_ITEM('',(#1890),#2499);
#1790=STYLED_ITEM('',(#1891),#2500);
#1791=STYLED_ITEM('',(#1892),#2501);
#1792=STYLED_ITEM('',(#1893),#2502);
#1793=STYLED_ITEM('',(#1894),#2503);
#1794=STYLED_ITEM('',(#1895),#2504);
#1795=STYLED_ITEM('',(#1896),#2505);
#1796=STYLED_ITEM('',(#1897),#2506);
#1797=STYLED_ITEM('',(#1898),#2507);
#1798=STYLED_ITEM('',(#1899),#2508);
#1799=STYLED_ITEM('',(#1900),#2509);
#1800=STYLED_ITEM('',(#1901),#2510);
#1801=STYLED_ITEM('',(#1902),#2511);
#1802=STYLED_ITEM('',(#1903),#2512);
#1803=STYLED_ITEM('',(#1904),#2513);
#1804=STYLED_ITEM('',(#1905),#2514);
#1805=STYLED_ITEM('',(#1906),#2515);
#1806=STYLED_ITEM('',(#1907),#2516);
#1807=STYLED_ITEM('',(#1908),#2517);
#1808=STYLED_ITEM('',(#1909),#2518);
#1809=STYLED_ITEM('',(#1910),#2519);
#1810=STYLED_ITEM('',(#1911),#2520);
#1811=STYLED_ITEM('',(#1912),#2521);
#1812=STYLED_ITEM('',(#1913),#2522);
#1813=STYLED_ITEM('',(#1914),#2523);
#1814=STYLED_ITEM('',(#1915),#2524);
#1815=STYLED_ITEM('',(#1916),#2525);
#1816=STYLED_ITEM('',(#1917),#2526);
#1817=PRESENTATION_STYLE_ASSIGNMENT((#1918));
#1818=PRESENTATION_STYLE_ASSIGNMENT((#1919));
#1819=PRESENTATION_STYLE_ASSIGNMENT((#1920));
#1820=PRESENTATION_STYLE_ASSIGNMENT((#1921));
#1821=PRESENTATION_STYLE_ASSIGNMENT((#1922));
#1822=PRESENTATION_STYLE_ASSIGNMENT((#1923));
#1823=PRESENTATION_STYLE_ASSIGNMENT((#1924));
#1824=PRESENTATION_STYLE_ASSIGNMENT((#1925));
#1825=PRESENTATION_STYLE_ASSIGNMENT((#1926));
#1826=PRESENTATION_STYLE_ASSIGNMENT((#1927));
#1827=PRESENTATION_STYLE_ASSIGNMENT((#1928));
#1828=PRESENTATION_STYLE_ASSIGNMENT((#1929));
#1829=PRESENTATION_STYLE_ASSIGNMENT((#1930));
#1830=PRESENTATION_STYLE_ASSIGNMENT((#1931));
#1831=PRESENTATION_STYLE_ASSIGNMENT((#1932));
#1832=PRESENTATION_STYLE_ASSIGNMENT((#1933));
#1833=PRESENTATION_STYLE_ASSIGNMENT((#1934));
#1834=PRESENTATION_STYLE_ASSIGNMENT((#1935));
#1835=PRESENTATION_STYLE_ASSIGNMENT((#1936));
#1836=PRESENTATION_STYLE_ASSIGNMENT((#1937));
#1837=PRESENTATION_STYLE_ASSIGNMENT((#1938));
#1838=PRESENTATION_STYLE_ASSIGNMENT((#1939));
#1839=PRESENTATION_STYLE_ASSIGNMENT((#1940));
#1840=PRESENTATION_STYLE_ASSIGNMENT((#1941));
#1841=PRESENTATION_STYLE_ASSIGNMENT((#1942));
#1842=PRESENTATION_STYLE_ASSIGNMENT((#1943));
#1843=PRESENTATION_STYLE_ASSIGNMENT((#1944));
#1844=PRESENTATION_STYLE_ASSIGNMENT((#1945));
#1845=PRESENTATION_STYLE_ASSIGNMENT((#1946));
#1846=PRESENTATION_STYLE_ASSIGNMENT((#1947));
#1847=PRESENTATION_STYLE_ASSIGNMENT((#1948));
#1848=PRESENTATION_STYLE_ASSIGNMENT((#1949));
#1849=PRESENTATION_STYLE_ASSIGNMENT((#1950));
#1850=PRESENTATION_STYLE_ASSIGNMENT((#1951));
#1851=PRESENTATION_STYLE_ASSIGNMENT((#1952));
#1852=PRESENTATION_STYLE_ASSIGNMENT((#1953));
#1853=PRESENTATION_STYLE_ASSIGNMENT((#1954));
#1854=PRESENTATION_STYLE_ASSIGNMENT((#1955));
#1855=PRESENTATION_STYLE_ASSIGNMENT((#1956));
#1856=PRESENTATION_STYLE_ASSIGNMENT((#1957));
#1857=PRESENTATION_STYLE_ASSIGNMENT((#1958));
#1858=PRESENTATION_STYLE_ASSIGNMENT((#1959));
#1859=PRESENTATION_STYLE_ASSIGNMENT((#1960));
#1860=PRESENTATION_STYLE_ASSIGNMENT((#1961));
#1861=PRESENTATION_STYLE_ASSIGNMENT((#1962));
#1862=PRESENTATION_STYLE_ASSIGNMENT((#1963));
#1863=PRESENTATION_STYLE_ASSIGNMENT((#1964));
#1864=PRESENTATION_STYLE_ASSIGNMENT((#1965));
#1865=PRESENTATION_STYLE_ASSIGNMENT((#1966));
#1866=PRESENTATION_STYLE_ASSIGNMENT((#1967));
#1867=PRESENTATION_STYLE_ASSIGNMENT((#1968));
#1868=PRESENTATION_STYLE_ASSIGNMENT((#1969));
#1869=PRESENTATION_STYLE_ASSIGNMENT((#1970));
#1870=PRESENTATION_STYLE_ASSIGNMENT((#1971));
#1871=PRESENTATION_STYLE_ASSIGNMENT((#1972));
#1872=PRESENTATION_STYLE_ASSIGNMENT((#1973));
#1873=PRESENTATION_STYLE_ASSIGNMENT((#1974));
#1874=PRESENTATION_STYLE_ASSIGNMENT((#1975));
#1875=PRESENTATION_STYLE_ASSIGNMENT((#1976));
#1876=PRESENTATION_STYLE_ASSIGNMENT((#1977));
#1877=PRESENTATION_STYLE_ASSIGNMENT((#1978));
#1878=PRESENTATION_STYLE_ASSIGNMENT((#1979));
#1879=PRESENTATION_STYLE_ASSIGNMENT((#1980));
#1880=PRESENTATION_STYLE_ASSIGNMENT((#1981));
#1881=PRESENTATION_STYLE_ASSIGNMENT((#1982));
#1882=PRESENTATION_STYLE_ASSIGNMENT((#1983));
#1883=PRESENTATION_STYLE_ASSIGNMENT((#1984));
#1884=PRESENTATION_STYLE_ASSIGNMENT((#1985));
#1885=PRESENTATION_STYLE_ASSIGNMENT((#1986));
#1886=PRESENTATION_STYLE_ASSIGNMENT((#1987));
#1887=PRESENTATION_STYLE_ASSIGNMENT((#1988));
#1888=PRESENTATION_STYLE_ASSIGNMENT((#1989));
#1889=PRESENTATION_STYLE_ASSIGNMENT((#1990));
#1890=PRESENTATION_STYLE_ASSIGNMENT((#1991));
#1891=PRESENTATION_STYLE_ASSIGNMENT((#1992));
#1892=PRESENTATION_STYLE_ASSIGNMENT((#1993));
#1893=PRESENTATION_STYLE_ASSIGNMENT((#1994));
#1894=PRESENTATION_STYLE_ASSIGNMENT((#1995));
#1895=PRESENTATION_STYLE_ASSIGNMENT((#1996));
#1896=PRESENTATION_STYLE_ASSIGNMENT((#1997));
#1897=PRESENTATION_STYLE_ASSIGNMENT((#1998));
#1898=PRESENTATION_STYLE_ASSIGNMENT((#1999));
#1899=PRESENTATION_STYLE_ASSIGNMENT((#2000));
#1900=PRESENTATION_STYLE_ASSIGNMENT((#2001));
#1901=PRESENTATION_STYLE_ASSIGNMENT((#2002));
#1902=PRESENTATION_STYLE_ASSIGNMENT((#2003));
#1903=PRESENTATION_STYLE_ASSIGNMENT((#2004));
#1904=PRESENTATION_STYLE_ASSIGNMENT((#2005));
#1905=PRESENTATION_STYLE_ASSIGNMENT((#2006));
#1906=PRESENTATION_STYLE_ASSIGNMENT((#2007));
#1907=PRESENTATION_STYLE_ASSIGNMENT((#2008));
#1908=PRESENTATION_STYLE_ASSIGNMENT((#2009));
#1909=PRESENTATION_STYLE_ASSIGNMENT((#2010));
#1910=PRESENTATION_STYLE_ASSIGNMENT((#2011));
#1911=PRESENTATION_STYLE_ASSIGNMENT((#2012));
#1912=PRESENTATION_STYLE_ASSIGNMENT((#2013));
#1913=PRESENTATION_STYLE_ASSIGNMENT((#2014));
#1914=PRESENTATION_STYLE_ASSIGNMENT((#2015));
#1915=PRESENTATION_STYLE_ASSIGNMENT((#2016));
#1916=PRESENTATION_STYLE_ASSIGNMENT((#2017));
#1917=PRESENTATION_STYLE_ASSIGNMENT((#2018));
#1918=SURFACE_STYLE_USAGE(.BOTH.,#2019);
#1919=SURFACE_STYLE_USAGE(.BOTH.,#2020);
#1920=SURFACE_STYLE_USAGE(.BOTH.,#2021);
#1921=SURFACE_STYLE_USAGE(.BOTH.,#2022);
#1922=SURFACE_STYLE_USAGE(.BOTH.,#2023);
#1923=SURFACE_STYLE_USAGE(.BOTH.,#2024);
#1924=SURFACE_STYLE_USAGE(.BOTH.,#2025);
#1925=SURFACE_STYLE_USAGE(.BOTH.,#2026);
#1926=SURFACE_STYLE_USAGE(.BOTH.,#2027);
#1927=SURFACE_STYLE_USAGE(.BOTH.,#2028);
#1928=SURFACE_STYLE_USAGE(.BOTH.,#2029);
#1929=SURFACE_STYLE_USAGE(.BOTH.,#2030);
#1930=SURFACE_STYLE_USAGE(.BOTH.,#2031);
#1931=SURFACE_STYLE_USAGE(.BOTH.,#2032);
#1932=SURFACE_STYLE_USAGE(.BOTH.,#2033);
#1933=SURFACE_STYLE_USAGE(.BOTH.,#2034);
#1934=SURFACE_STYLE_USAGE(.BOTH.,#2035);
#1935=SURFACE_STYLE_USAGE(.BOTH.,#2036);
#1936=SURFACE_STYLE_USAGE(.BOTH.,#2037);
#1937=SURFACE_STYLE_USAGE(.BOTH.,#2038);
#1938=SURFACE_STYLE_USAGE(.BOTH.,#2039);
#1939=SURFACE_STYLE_USAGE(.BOTH.,#2040);
#1940=SURFACE_STYLE_USAGE(.BOTH.,#2041);
#1941=SURFACE_STYLE_USAGE(.BOTH.,#2042);
#1942=SURFACE_STYLE_USAGE(.BOTH.,#2043);
#1943=SURFACE_STYLE_USAGE(.BOTH.,#2044);
#1944=SURFACE_STYLE_USAGE(.BOTH.,#2045);
#1945=SURFACE_STYLE_USAGE(.BOTH.,#2046);
#1946=SURFACE_STYLE_USAGE(.BOTH.,#2047);
#1947=SURFACE_STYLE_USAGE(.BOTH.,#2048);
#1948=SURFACE_STYLE_USAGE(.BOTH.,#2049);
#1949=SURFACE_STYLE_USAGE(.BOTH.,#2050);
#1950=SURFACE_STYLE_USAGE(.BOTH.,#2051);
#1951=SURFACE_STYLE_USAGE(.BOTH.,#2052);
#1952=SURFACE_STYLE_USAGE(.BOTH.,#2053);
#1953=SURFACE_STYLE_USAGE(.BOTH.,#2054);
#1954=SURFACE_STYLE_USAGE(.BOTH.,#2055);
#1955=SURFACE_STYLE_USAGE(.BOTH.,#2056);
#1956=SURFACE_STYLE_USAGE(.BOTH.,#2057);
#1957=SURFACE_STYLE_USAGE(.BOTH.,#2058);
#1958=SURFACE_STYLE_USAGE(.BOTH.,#2059);
#1959=SURFACE_STYLE_USAGE(.BOTH.,#2060);
#1960=SURFACE_STYLE_USAGE(.BOTH.,#2061);
#1961=SURFACE_STYLE_USAGE(.BOTH.,#2062);
#1962=SURFACE_STYLE_USAGE(.BOTH.,#2063);
#1963=SURFACE_STYLE_USAGE(.BOTH.,#2064);
#1964=SURFACE_STYLE_USAGE(.BOTH.,#2065);
#1965=SURFACE_STYLE_USAGE(.BOTH.,#2066);
#1966=SURFACE_STYLE_USAGE(.BOTH.,#2067);
#1967=SURFACE_STYLE_USAGE(.BOTH.,#2068);
#1968=SURFACE_STYLE_USAGE(.BOTH.,#2069);
#1969=SURFACE_STYLE_USAGE(.BOTH.,#2070);
#1970=SURFACE_STYLE_USAGE(.BOTH.,#2071);
#1971=SURFACE_STYLE_USAGE(.BOTH.,#2072);
#1972=SURFACE_STYLE_USAGE(.BOTH.,#2073);
#1973=SURFACE_STYLE_USAGE(.BOTH.,#2074);
#1974=SURFACE_STYLE_USAGE(.BOTH.,#2075);
#1975=SURFACE_STYLE_USAGE(.BOTH.,#2076);
#1976=SURFACE_STYLE_USAGE(.BOTH.,#2077);
#1977=SURFACE_STYLE_USAGE(.BOTH.,#2078);
#1978=SURFACE_STYLE_USAGE(.BOTH.,#2079);
#1979=SURFACE_STYLE_USAGE(.BOTH.,#2080);
#1980=SURFACE_STYLE_USAGE(.BOTH.,#2081);
#1981=SURFACE_STYLE_USAGE(.BOTH.,#2082);
#1982=SURFACE_STYLE_USAGE(.BOTH.,#2083);
#1983=SURFACE_STYLE_USAGE(.BOTH.,#2084);
#1984=SURFACE_STYLE_USAGE(.BOTH.,#2085);
#1985=SURFACE_STYLE_USAGE(.BOTH.,#2086);
#1986=SURFACE_STYLE_USAGE(.BOTH.,#2087);
#1987=SURFACE_STYLE_USAGE(.BOTH.,#2088);
#1988=SURFACE_STYLE_USAGE(.BOTH.,#2089);
#1989=SURFACE_STYLE_USAGE(.BOTH.,#2090);
#1990=SURFACE_STYLE_USAGE(.BOTH.,#2091);
#1991=SURFACE_STYLE_USAGE(.BOTH.,#2092);
#1992=SURFACE_STYLE_USAGE(.BOTH.,#2093);
#1993=SURFACE_STYLE_USAGE(.BOTH.,#2094);
#1994=SURFACE_STYLE_USAGE(.BOTH.,#2095);
#1995=SURFACE_STYLE_USAGE(.BOTH.,#2096);
#1996=SURFACE_STYLE_USAGE(.BOTH.,#2097);
#1997=SURFACE_STYLE_USAGE(.BOTH.,#2098);
#1998=SURFACE_STYLE_USAGE(.BOTH.,#2099);
#1999=SURFACE_STYLE_USAGE(.BOTH.,#2100);
#2000=SURFACE_STYLE_USAGE(.BOTH.,#2101);
#2001=SURFACE_STYLE_USAGE(.BOTH.,#2102);
#2002=SURFACE_STYLE_USAGE(.BOTH.,#2103);
#2003=SURFACE_STYLE_USAGE(.BOTH.,#2104);
#2004=SURFACE_STYLE_USAGE(.BOTH.,#2105);
#2005=SURFACE_STYLE_USAGE(.BOTH.,#2106);
#2006=SURFACE_STYLE_USAGE(.BOTH.,#2107);
#2007=SURFACE_STYLE_USAGE(.BOTH.,#2108);
#2008=SURFACE_STYLE_USAGE(.BOTH.,#2109);
#2009=SURFACE_STYLE_USAGE(.BOTH.,#2110);
#2010=SURFACE_STYLE_USAGE(.BOTH.,#2111);
#2011=SURFACE_STYLE_USAGE(.BOTH.,#2112);
#2012=SURFACE_STYLE_USAGE(.BOTH.,#2113);
#2013=SURFACE_STYLE_USAGE(.BOTH.,#2114);
#2014=SURFACE_STYLE_USAGE(.BOTH.,#2115);
#2015=SURFACE_STYLE_USAGE(.BOTH.,#2116);
#2016=SURFACE_STYLE_USAGE(.BOTH.,#2117);
#2017=SURFACE_STYLE_USAGE(.BOTH.,#2118);
#2018=SURFACE_STYLE_USAGE(.BOTH.,#2119);
#2019=SURFACE_SIDE_STYLE('',(#2120));
#2020=SURFACE_SIDE_STYLE('',(#2121));
#2021=SURFACE_SIDE_STYLE('',(#2122));
#2022=SURFACE_SIDE_STYLE('',(#2123));
#2023=SURFACE_SIDE_STYLE('',(#2124));
#2024=SURFACE_SIDE_STYLE('',(#2125));
#2025=SURFACE_SIDE_STYLE('',(#2126));
#2026=SURFACE_SIDE_STYLE('',(#2127));
#2027=SURFACE_SIDE_STYLE('',(#2128));
#2028=SURFACE_SIDE_STYLE('',(#2129));
#2029=SURFACE_SIDE_STYLE('',(#2130));
#2030=SURFACE_SIDE_STYLE('',(#2131));
#2031=SURFACE_SIDE_STYLE('',(#2132));
#2032=SURFACE_SIDE_STYLE('',(#2133));
#2033=SURFACE_SIDE_STYLE('',(#2134));
#2034=SURFACE_SIDE_STYLE('',(#2135));
#2035=SURFACE_SIDE_STYLE('',(#2136));
#2036=SURFACE_SIDE_STYLE('',(#2137));
#2037=SURFACE_SIDE_STYLE('',(#2138));
#2038=SURFACE_SIDE_STYLE('',(#2139));
#2039=SURFACE_SIDE_STYLE('',(#2140));
#2040=SURFACE_SIDE_STYLE('',(#2141));
#2041=SURFACE_SIDE_STYLE('',(#2142));
#2042=SURFACE_SIDE_STYLE('',(#2143));
#2043=SURFACE_SIDE_STYLE('',(#2144));
#2044=SURFACE_SIDE_STYLE('',(#2145));
#2045=SURFACE_SIDE_STYLE('',(#2146));
#2046=SURFACE_SIDE_STYLE('',(#2147));
#2047=SURFACE_SIDE_STYLE('',(#2148));
#2048=SURFACE_SIDE_STYLE('',(#2149));
#2049=SURFACE_SIDE_STYLE('',(#2150));
#2050=SURFACE_SIDE_STYLE('',(#2151));
#2051=SURFACE_SIDE_STYLE('',(#2152));
#2052=SURFACE_SIDE_STYLE('',(#2153));
#2053=SURFACE_SIDE_STYLE('',(#2154));
#2054=SURFACE_SIDE_STYLE('',(#2155));
#2055=SURFACE_SIDE_STYLE('',(#2156));
#2056=SURFACE_SIDE_STYLE('',(#2157));
#2057=SURFACE_SIDE_STYLE('',(#2158));
#2058=SURFACE_SIDE_STYLE('',(#2159));
#2059=SURFACE_SIDE_STYLE('',(#2160));
#2060=SURFACE_SIDE_STYLE('',(#2161));
#2061=SURFACE_SIDE_STYLE('',(#2162));
#2062=SURFACE_SIDE_STYLE('',(#2163));
#2063=SURFACE_SIDE_STYLE('',(#2164));
#2064=SURFACE_SIDE_STYLE('',(#2165));
#2065=SURFACE_SIDE_STYLE('',(#2166));
#2066=SURFACE_SIDE_STYLE('',(#2167));
#2067=SURFACE_SIDE_STYLE('',(#2168));
#2068=SURFACE_SIDE_STYLE('',(#2169));
#2069=SURFACE_SIDE_STYLE('',(#2170));
#2070=SURFACE_SIDE_STYLE('',(#2171));
#2071=SURFACE_SIDE_STYLE('',(#2172));
#2072=SURFACE_SIDE_STYLE('',(#2173));
#2073=SURFACE_SIDE_STYLE('',(#2174));
#2074=SURFACE_SIDE_STYLE('',(#2175));
#2075=SURFACE_SIDE_STYLE('',(#2176));
#2076=SURFACE_SIDE_STYLE('',(#2177));
#2077=SURFACE_SIDE_STYLE('',(#2178));
#2078=SURFACE_SIDE_STYLE('',(#2179));
#2079=SURFACE_SIDE_STYLE('',(#2180));
#2080=SURFACE_SIDE_STYLE('',(#2181));
#2081=SURFACE_SIDE_STYLE('',(#2182));
#2082=SURFACE_SIDE_STYLE('',(#2183));
#2083=SURFACE_SIDE_STYLE('',(#2184));
#2084=SURFACE_SIDE_STYLE('',(#2185));
#2085=SURFACE_SIDE_STYLE('',(#2186));
#2086=SURFACE_SIDE_STYLE('',(#2187));
#2087=SURFACE_SIDE_STYLE('',(#2188));
#2088=SURFACE_SIDE_STYLE('',(#2189));
#2089=SURFACE_SIDE_STYLE('',(#2190));
#2090=SURFACE_SIDE_STYLE('',(#2191));
#2091=SURFACE_SIDE_STYLE('',(#2192));
#2092=SURFACE_SIDE_STYLE('',(#2193));
#2093=SURFACE_SIDE_STYLE('',(#2194));
#2094=SURFACE_SIDE_STYLE('',(#2195));
#2095=SURFACE_SIDE_STYLE('',(#2196));
#2096=SURFACE_SIDE_STYLE('',(#2197));
#2097=SURFACE_SIDE_STYLE('',(#2198));
#2098=SURFACE_SIDE_STYLE('',(#2199));
#2099=SURFACE_SIDE_STYLE('',(#2200));
#2100=SURFACE_SIDE_STYLE('',(#2201));
#2101=SURFACE_SIDE_STYLE('',(#2202));
#2102=SURFACE_SIDE_STYLE('',(#2203));
#2103=SURFACE_SIDE_STYLE('',(#2204));
#2104=SURFACE_SIDE_STYLE('',(#2205));
#2105=SURFACE_SIDE_STYLE('',(#2206));
#2106=SURFACE_SIDE_STYLE('',(#2207));
#2107=SURFACE_SIDE_STYLE('',(#2208));
#2108=SURFACE_SIDE_STYLE('',(#2209));
#2109=SURFACE_SIDE_STYLE('',(#2210));
#2110=SURFACE_SIDE_STYLE('',(#2211));
#2111=SURFACE_SIDE_STYLE('',(#2212));
#2112=SURFACE_SIDE_STYLE('',(#2213));
#2113=SURFACE_SIDE_STYLE('',(#2214));
#2114=SURFACE_SIDE_STYLE('',(#2215));
#2115=SURFACE_SIDE_STYLE('',(#2216));
#2116=SURFACE_SIDE_STYLE('',(#2217));
#2117=SURFACE_SIDE_STYLE('',(#2218));
#2118=SURFACE_SIDE_STYLE('',(#2219));
#2119=SURFACE_SIDE_STYLE('',(#2220));
#2120=SURFACE_STYLE_FILL_AREA(#2221);
#2121=SURFACE_STYLE_FILL_AREA(#2222);
#2122=SURFACE_STYLE_FILL_AREA(#2223);
#2123=SURFACE_STYLE_FILL_AREA(#2224);
#2124=SURFACE_STYLE_FILL_AREA(#2225);
#2125=SURFACE_STYLE_FILL_AREA(#2226);
#2126=SURFACE_STYLE_FILL_AREA(#2227);
#2127=SURFACE_STYLE_FILL_AREA(#2228);
#2128=SURFACE_STYLE_FILL_AREA(#2229);
#2129=SURFACE_STYLE_FILL_AREA(#2230);
#2130=SURFACE_STYLE_FILL_AREA(#2231);
#2131=SURFACE_STYLE_FILL_AREA(#2232);
#2132=SURFACE_STYLE_FILL_AREA(#2233);
#2133=SURFACE_STYLE_FILL_AREA(#2234);
#2134=SURFACE_STYLE_FILL_AREA(#2235);
#2135=SURFACE_STYLE_FILL_AREA(#2236);
#2136=SURFACE_STYLE_FILL_AREA(#2237);
#2137=SURFACE_STYLE_FILL_AREA(#2238);
#2138=SURFACE_STYLE_FILL_AREA(#2239);
#2139=SURFACE_STYLE_FILL_AREA(#2240);
#2140=SURFACE_STYLE_FILL_AREA(#2241);
#2141=SURFACE_STYLE_FILL_AREA(#2242);
#2142=SURFACE_STYLE_FILL_AREA(#2243);
#2143=SURFACE_STYLE_FILL_AREA(#2244);
#2144=SURFACE_STYLE_FILL_AREA(#2245);
#2145=SURFACE_STYLE_FILL_AREA(#2246);
#2146=SURFACE_STYLE_FILL_AREA(#2247);
#2147=SURFACE_STYLE_FILL_AREA(#2248);
#2148=SURFACE_STYLE_FILL_AREA(#2249);
#2149=SURFACE_STYLE_FILL_AREA(#2250);
#2150=SURFACE_STYLE_FILL_AREA(#2251);
#2151=SURFACE_STYLE_FILL_AREA(#2252);
#2152=SURFACE_STYLE_FILL_AREA(#2253);
#2153=SURFACE_STYLE_FILL_AREA(#2254);
#2154=SURFACE_STYLE_FILL_AREA(#2255);
#2155=SURFACE_STYLE_FILL_AREA(#2256);
#2156=SURFACE_STYLE_FILL_AREA(#2257);
#2157=SURFACE_STYLE_FILL_AREA(#2258);
#2158=SURFACE_STYLE_FILL_AREA(#2259);
#2159=SURFACE_STYLE_FILL_AREA(#2260);
#2160=SURFACE_STYLE_FILL_AREA(#2261);
#2161=SURFACE_STYLE_FILL_AREA(#2262);
#2162=SURFACE_STYLE_FILL_AREA(#2263);
#2163=SURFACE_STYLE_FILL_AREA(#2264);
#2164=SURFACE_STYLE_FILL_AREA(#2265);
#2165=SURFACE_STYLE_FILL_AREA(#2266);
#2166=SURFACE_STYLE_FILL_AREA(#2267);
#2167=SURFACE_STYLE_FILL_AREA(#2268);
#2168=SURFACE_STYLE_FILL_AREA(#2269);
#2169=SURFACE_STYLE_FILL_AREA(#2270);
#2170=SURFACE_STYLE_FILL_AREA(#2271);
#2171=SURFACE_STYLE_FILL_AREA(#2272);
#2172=SURFACE_STYLE_FILL_AREA(#2273);
#2173=SURFACE_STYLE_FILL_AREA(#2274);
#2174=SURFACE_STYLE_FILL_AREA(#2275);
#2175=SURFACE_STYLE_FILL_AREA(#2276);
#2176=SURFACE_STYLE_FILL_AREA(#2277);
#2177=SURFACE_STYLE_FILL_AREA(#2278);
#2178=SURFACE_STYLE_FILL_AREA(#2279);
#2179=SURFACE_STYLE_FILL_AREA(#2280);
#2180=SURFACE_STYLE_FILL_AREA(#2281);
#2181=SURFACE_STYLE_FILL_AREA(#2282);
#2182=SURFACE_STYLE_FILL_AREA(#2283);
#2183=SURFACE_STYLE_FILL_AREA(#2284);
#2184=SURFACE_STYLE_FILL_AREA(#2285);
#2185=SURFACE_STYLE_FILL_AREA(#2286);
#2186=SURFACE_STYLE_FILL_AREA(#2287);
#2187=SURFACE_STYLE_FILL_AREA(#2288);
#2188=SURFACE_STYLE_FILL_AREA(#2289);
#2189=SURFACE_STYLE_FILL_AREA(#2290);
#2190=SURFACE_STYLE_FILL_AREA(#2291);
#2191=SURFACE_STYLE_FILL_AREA(#2292);
#2192=SURFACE_STYLE_FILL_AREA(#2293);
#2193=SURFACE_STYLE_FILL_AREA(#2294);
#2194=SURFACE_STYLE_FILL_AREA(#2295);
#2195=SURFACE_STYLE_FILL_AREA(#2296);
#2196=SURFACE_STYLE_FILL_AREA(#2297);
#2197=SURFACE_STYLE_FILL_AREA(#2298);
#2198=SURFACE_STYLE_FILL_AREA(#2299);
#2199=SURFACE_STYLE_FILL_AREA(#2300);
#2200=SURFACE_STYLE_FILL_AREA(#2301);
#2201=SURFACE_STYLE_FILL_AREA(#2302);
#2202=SURFACE_STYLE_FILL_AREA(#2303);
#2203=SURFACE_STYLE_FILL_AREA(#2304);
#2204=SURFACE_STYLE_FILL_AREA(#2305);
#2205=SURFACE_STYLE_FILL_AREA(#2306);
#2206=SURFACE_STYLE_FILL_AREA(#2307);
#2207=SURFACE_STYLE_FILL_AREA(#2308);
#2208=SURFACE_STYLE_FILL_AREA(#2309);
#2209=SURFACE_STYLE_FILL_AREA(#2310);
#2210=SURFACE_STYLE_FILL_AREA(#2311);
#2211=SURFACE_STYLE_FILL_AREA(#2312);
#2212=SURFACE_STYLE_FILL_AREA(#2313);
#2213=SURFACE_STYLE_FILL_AREA(#2314);
#2214=SURFACE_STYLE_FILL_AREA(#2315);
#2215=SURFACE_STYLE_FILL_AREA(#2316);
#2216=SURFACE_STYLE_FILL_AREA(#2317);
#2217=SURFACE_STYLE_FILL_AREA(#2318);
#2218=SURFACE_STYLE_FILL_AREA(#2319);
#2219=SURFACE_STYLE_FILL_AREA(#2320);
#2220=SURFACE_STYLE_FILL_AREA(#2321);
#2221=FILL_AREA_STYLE('',(#2322));
#2222=FILL_AREA_STYLE('',(#2323));
#2223=FILL_AREA_STYLE('',(#2324));
#2224=FILL_AREA_STYLE('',(#2325));
#2225=FILL_AREA_STYLE('',(#2326));
#2226=FILL_AREA_STYLE('',(#2327));
#2227=FILL_AREA_STYLE('',(#2328));
#2228=FILL_AREA_STYLE('',(#2329));
#2229=FILL_AREA_STYLE('',(#2330));
#2230=FILL_AREA_STYLE('',(#2331));
#2231=FILL_AREA_STYLE('',(#2332));
#2232=FILL_AREA_STYLE('',(#2333));
#2233=FILL_AREA_STYLE('',(#2334));
#2234=FILL_AREA_STYLE('',(#2335));
#2235=FILL_AREA_STYLE('',(#2336));
#2236=FILL_AREA_STYLE('',(#2337));
#2237=FILL_AREA_STYLE('',(#2338));
#2238=FILL_AREA_STYLE('',(#2339));
#2239=FILL_AREA_STYLE('',(#2340));
#2240=FILL_AREA_STYLE('',(#2341));
#2241=FILL_AREA_STYLE('',(#2342));
#2242=FILL_AREA_STYLE('',(#2343));
#2243=FILL_AREA_STYLE('',(#2344));
#2244=FILL_AREA_STYLE('',(#2345));
#2245=FILL_AREA_STYLE('',(#2346));
#2246=FILL_AREA_STYLE('',(#2347));
#2247=FILL_AREA_STYLE('',(#2348));
#2248=FILL_AREA_STYLE('',(#2349));
#2249=FILL_AREA_STYLE('',(#2350));
#2250=FILL_AREA_STYLE('',(#2351));
#2251=FILL_AREA_STYLE('',(#2352));
#2252=FILL_AREA_STYLE('',(#2353));
#2253=FILL_AREA_STYLE('',(#2354));
#2254=FILL_AREA_STYLE('',(#2355));
#2255=FILL_AREA_STYLE('',(#2356));
#2256=FILL_AREA_STYLE('',(#2357));
#2257=FILL_AREA_STYLE('',(#2358));
#2258=FILL_AREA_STYLE('',(#2359));
#2259=FILL_AREA_STYLE('',(#2360));
#2260=FILL_AREA_STYLE('',(#2361));
#2261=FILL_AREA_STYLE('',(#2362));
#2262=FILL_AREA_STYLE('',(#2363));
#2263=FILL_AREA_STYLE('',(#2364));
#2264=FILL_AREA_STYLE('',(#2365));
#2265=FILL_AREA_STYLE('',(#2366));
#2266=FILL_AREA_STYLE('',(#2367));
#2267=FILL_AREA_STYLE('',(#2368));
#2268=FILL_AREA_STYLE('',(#2369));
#2269=FILL_AREA_STYLE('',(#2370));
#2270=FILL_AREA_STYLE('',(#2371));
#2271=FILL_AREA_STYLE('',(#2372));
#2272=FILL_AREA_STYLE('',(#2373));
#2273=FILL_AREA_STYLE('',(#2374));
#2274=FILL_AREA_STYLE('',(#2375));
#2275=FILL_AREA_STYLE('',(#2376));
#2276=FILL_AREA_STYLE('',(#2377));
#2277=FILL_AREA_STYLE('',(#2378));
#2278=FILL_AREA_STYLE('',(#2379));
#2279=FILL_AREA_STYLE('',(#2380));
#2280=FILL_AREA_STYLE('',(#2381));
#2281=FILL_AREA_STYLE('',(#2382));
#2282=FILL_AREA_STYLE('',(#2383));
#2283=FILL_AREA_STYLE('',(#2384));
#2284=FILL_AREA_STYLE('',(#2385));
#2285=FILL_AREA_STYLE('',(#2386));
#2286=FILL_AREA_STYLE('',(#2387));
#2287=FILL_AREA_STYLE('',(#2388));
#2288=FILL_AREA_STYLE('',(#2389));
#2289=FILL_AREA_STYLE('',(#2390));
#2290=FILL_AREA_STYLE('',(#2391));
#2291=FILL_AREA_STYLE('',(#2392));
#2292=FILL_AREA_STYLE('',(#2393));
#2293=FILL_AREA_STYLE('',(#2394));
#2294=FILL_AREA_STYLE('',(#2395));
#2295=FILL_AREA_STYLE('',(#2396));
#2296=FILL_AREA_STYLE('',(#2397));
#2297=FILL_AREA_STYLE('',(#2398));
#2298=FILL_AREA_STYLE('',(#2399));
#2299=FILL_AREA_STYLE('',(#2400));
#2300=FILL_AREA_STYLE('',(#2401));
#2301=FILL_AREA_STYLE('',(#2402));
#2302=FILL_AREA_STYLE('',(#2403));
#2303=FILL_AREA_STYLE('',(#2404));
#2304=FILL_AREA_STYLE('',(#2405));
#2305=FILL_AREA_STYLE('',(#2406));
#2306=FILL_AREA_STYLE('',(#2407));
#2307=FILL_AREA_STYLE('',(#2408));
#2308=FILL_AREA_STYLE('',(#2409));
#2309=FILL_AREA_STYLE('',(#2410));
#2310=FILL_AREA_STYLE('',(#2411));
#2311=FILL_AREA_STYLE('',(#2412));
#2312=FILL_AREA_STYLE('',(#2413));
#2313=FILL_AREA_STYLE('',(#2414));
#2314=FILL_AREA_STYLE('',(#2415));
#2315=FILL_AREA_STYLE('',(#2416));
#2316=FILL_AREA_STYLE('',(#2417));
#2317=FILL_AREA_STYLE('',(#2418));
#2318=FILL_AREA_STYLE('',(#2419));
#2319=FILL_AREA_STYLE('',(#2420));
#2320=FILL_AREA_STYLE('',(#2421));
#2321=FILL_AREA_STYLE('',(#2422));
#2322=FILL_AREA_STYLE_COLOUR('',#2423);
#2323=FILL_AREA_STYLE_COLOUR('',#2423);
#2324=FILL_AREA_STYLE_COLOUR('',#2423);
#2325=FILL_AREA_STYLE_COLOUR('',#2423);
#2326=FILL_AREA_STYLE_COLOUR('',#2423);
#2327=FILL_AREA_STYLE_COLOUR('',#2423);
#2328=FILL_AREA_STYLE_COLOUR('',#2423);
#2329=FILL_AREA_STYLE_COLOUR('',#2423);
#2330=FILL_AREA_STYLE_COLOUR('',#2423);
#2331=FILL_AREA_STYLE_COLOUR('',#2423);
#2332=FILL_AREA_STYLE_COLOUR('',#2424);
#2333=FILL_AREA_STYLE_COLOUR('',#2424);
#2334=FILL_AREA_STYLE_COLOUR('',#2424);
#2335=FILL_AREA_STYLE_COLOUR('',#2424);
#2336=FILL_AREA_STYLE_COLOUR('',#2424);
#2337=FILL_AREA_STYLE_COLOUR('',#2423);
#2338=FILL_AREA_STYLE_COLOUR('',#2423);
#2339=FILL_AREA_STYLE_COLOUR('',#2423);
#2340=FILL_AREA_STYLE_COLOUR('',#2423);
#2341=FILL_AREA_STYLE_COLOUR('',#2423);
#2342=FILL_AREA_STYLE_COLOUR('',#2424);
#2343=FILL_AREA_STYLE_COLOUR('',#2424);
#2344=FILL_AREA_STYLE_COLOUR('',#2424);
#2345=FILL_AREA_STYLE_COLOUR('',#2424);
#2346=FILL_AREA_STYLE_COLOUR('',#2423);
#2347=FILL_AREA_STYLE_COLOUR('',#2423);
#2348=FILL_AREA_STYLE_COLOUR('',#2423);
#2349=FILL_AREA_STYLE_COLOUR('',#2423);
#2350=FILL_AREA_STYLE_COLOUR('',#2423);
#2351=FILL_AREA_STYLE_COLOUR('',#2423);
#2352=FILL_AREA_STYLE_COLOUR('',#2423);
#2353=FILL_AREA_STYLE_COLOUR('',#2423);
#2354=FILL_AREA_STYLE_COLOUR('',#2423);
#2355=FILL_AREA_STYLE_COLOUR('',#2425);
#2356=FILL_AREA_STYLE_COLOUR('',#2425);
#2357=FILL_AREA_STYLE_COLOUR('',#2425);
#2358=FILL_AREA_STYLE_COLOUR('',#2425);
#2359=FILL_AREA_STYLE_COLOUR('',#2425);
#2360=FILL_AREA_STYLE_COLOUR('',#2425);
#2361=FILL_AREA_STYLE_COLOUR('',#2425);
#2362=FILL_AREA_STYLE_COLOUR('',#2425);
#2363=FILL_AREA_STYLE_COLOUR('',#2425);
#2364=FILL_AREA_STYLE_COLOUR('',#2425);
#2365=FILL_AREA_STYLE_COLOUR('',#2425);
#2366=FILL_AREA_STYLE_COLOUR('',#2425);
#2367=FILL_AREA_STYLE_COLOUR('',#2425);
#2368=FILL_AREA_STYLE_COLOUR('',#2425);
#2369=FILL_AREA_STYLE_COLOUR('',#2425);
#2370=FILL_AREA_STYLE_COLOUR('',#2425);
#2371=FILL_AREA_STYLE_COLOUR('',#2425);
#2372=FILL_AREA_STYLE_COLOUR('',#2425);
#2373=FILL_AREA_STYLE_COLOUR('',#2425);
#2374=FILL_AREA_STYLE_COLOUR('',#2425);
#2375=FILL_AREA_STYLE_COLOUR('',#2425);
#2376=FILL_AREA_STYLE_COLOUR('',#2425);
#2377=FILL_AREA_STYLE_COLOUR('',#2425);
#2378=FILL_AREA_STYLE_COLOUR('',#2425);
#2379=FILL_AREA_STYLE_COLOUR('',#2425);
#2380=FILL_AREA_STYLE_COLOUR('',#2425);
#2381=FILL_AREA_STYLE_COLOUR('',#2425);
#2382=FILL_AREA_STYLE_COLOUR('',#2425);
#2383=FILL_AREA_STYLE_COLOUR('',#2425);
#2384=FILL_AREA_STYLE_COLOUR('',#2425);
#2385=FILL_AREA_STYLE_COLOUR('',#2425);
#2386=FILL_AREA_STYLE_COLOUR('',#2425);
#2387=FILL_AREA_STYLE_COLOUR('',#2425);
#2388=FILL_AREA_STYLE_COLOUR('',#2425);
#2389=FILL_AREA_STYLE_COLOUR('',#2425);
#2390=FILL_AREA_STYLE_COLOUR('',#2425);
#2391=FILL_AREA_STYLE_COLOUR('',#2425);
#2392=FILL_AREA_STYLE_COLOUR('',#2425);
#2393=FILL_AREA_STYLE_COLOUR('',#2425);
#2394=FILL_AREA_STYLE_COLOUR('',#2425);
#2395=FILL_AREA_STYLE_COLOUR('',#2425);
#2396=FILL_AREA_STYLE_COLOUR('',#2425);
#2397=FILL_AREA_STYLE_COLOUR('',#2425);
#2398=FILL_AREA_STYLE_COLOUR('',#2425);
#2399=FILL_AREA_STYLE_COLOUR('',#2425);
#2400=FILL_AREA_STYLE_COLOUR('',#2425);
#2401=FILL_AREA_STYLE_COLOUR('',#2425);
#2402=FILL_AREA_STYLE_COLOUR('',#2425);
#2403=FILL_AREA_STYLE_COLOUR('',#2425);
#2404=FILL_AREA_STYLE_COLOUR('',#2425);
#2405=FILL_AREA_STYLE_COLOUR('',#2425);
#2406=FILL_AREA_STYLE_COLOUR('',#2425);
#2407=FILL_AREA_STYLE_COLOUR('',#2425);
#2408=FILL_AREA_STYLE_COLOUR('',#2425);
#2409=FILL_AREA_STYLE_COLOUR('',#2425);
#2410=FILL_AREA_STYLE_COLOUR('',#2425);
#2411=FILL_AREA_STYLE_COLOUR('',#2425);
#2412=FILL_AREA_STYLE_COLOUR('',#2425);
#2413=FILL_AREA_STYLE_COLOUR('',#2425);
#2414=FILL_AREA_STYLE_COLOUR('',#2425);
#2415=FILL_AREA_STYLE_COLOUR('',#2425);
#2416=FILL_AREA_STYLE_COLOUR('',#2425);
#2417=FILL_AREA_STYLE_COLOUR('',#2425);
#2418=FILL_AREA_STYLE_COLOUR('',#2425);
#2419=FILL_AREA_STYLE_COLOUR('',#2425);
#2420=FILL_AREA_STYLE_COLOUR('',#2425);
#2421=FILL_AREA_STYLE_COLOUR('',#2425);
#2422=FILL_AREA_STYLE_COLOUR('',#2425);
#2423=COLOUR_RGB('',0.569999992847443,0.569999992847443,0.569999992847443);
#2424=COLOUR_RGB('',0.699999988079071,0.699999988079071,0.699999988079071);
#2425=COLOUR_RGB('',0.119999997317791,0.119999997317791,0.119999997317791);
#2426=ADVANCED_FACE('',(#1532,#1533,#1534,#1535,#1536,#1537,#1538),#1643,
 .F.);
#2427=ADVANCED_FACE('',(#1539),#1644,.T.);
#2428=ADVANCED_FACE('',(#1540),#1645,.T.);
#2429=ADVANCED_FACE('',(#1541),#1646,.T.);
#2430=ADVANCED_FACE('',(#1542),#1647,.T.);
#2431=ADVANCED_FACE('',(#1543),#43,.T.);
#2432=ADVANCED_FACE('',(#1544),#44,.T.);
#2433=ADVANCED_FACE('',(#1545),#45,.T.);
#2434=ADVANCED_FACE('',(#1546),#46,.T.);
#2435=ADVANCED_FACE('',(#1547,#1548,#1549),#1648,.T.);
#2436=ADVANCED_FACE('',(#1550),#1649,.F.);
#2437=ADVANCED_FACE('',(#1551),#1650,.F.);
#2438=ADVANCED_FACE('',(#1552),#1651,.F.);
#2439=ADVANCED_FACE('',(#1553),#1652,.F.);
#2440=ADVANCED_FACE('',(#1554),#1653,.F.);
#2441=ADVANCED_FACE('',(#1555),#1654,.F.);
#2442=ADVANCED_FACE('',(#1556),#1655,.F.);
#2443=ADVANCED_FACE('',(#1557),#1656,.F.);
#2444=ADVANCED_FACE('',(#1558),#1657,.F.);
#2445=ADVANCED_FACE('',(#1559),#1658,.T.);
#2446=ADVANCED_FACE('',(#1560),#47,.T.);
#2447=ADVANCED_FACE('',(#1561),#48,.T.);
#2448=ADVANCED_FACE('',(#1562),#49,.T.);
#2449=ADVANCED_FACE('',(#1563),#50,.T.);
#2450=ADVANCED_FACE('',(#1564,#1565),#1659,.T.);
#2451=ADVANCED_FACE('',(#1566),#51,.T.);
#2452=ADVANCED_FACE('',(#1567),#52,.T.);
#2453=ADVANCED_FACE('',(#1568),#53,.T.);
#2454=ADVANCED_FACE('',(#1569),#54,.T.);
#2455=ADVANCED_FACE('',(#1570),#1660,.T.);
#2456=ADVANCED_FACE('',(#1571),#1661,.T.);
#2457=ADVANCED_FACE('',(#1572),#1662,.T.);
#2458=ADVANCED_FACE('',(#1573),#1663,.T.);
#2459=ADVANCED_FACE('',(#1574,#1575),#55,.F.);
#2460=ADVANCED_FACE('',(#1576),#1664,.F.);
#2461=ADVANCED_FACE('',(#1577),#1665,.T.);
#2462=ADVANCED_FACE('',(#1578),#1666,.T.);
#2463=ADVANCED_FACE('',(#1579),#1667,.T.);
#2464=ADVANCED_FACE('',(#1580),#20,.T.);
#2465=ADVANCED_FACE('',(#1581),#21,.T.);
#2466=ADVANCED_FACE('',(#1582),#1668,.T.);
#2467=ADVANCED_FACE('',(#1583),#22,.T.);
#2468=ADVANCED_FACE('',(#1584),#23,.T.);
#2469=ADVANCED_FACE('',(#1585),#1669,.T.);
#2470=ADVANCED_FACE('',(#1586),#1670,.T.);
#2471=ADVANCED_FACE('',(#1587),#1671,.T.);
#2472=ADVANCED_FACE('',(#1588),#24,.T.);
#2473=ADVANCED_FACE('',(#1589),#25,.T.);
#2474=ADVANCED_FACE('',(#1590),#1672,.T.);
#2475=ADVANCED_FACE('',(#1591),#1673,.T.);
#2476=ADVANCED_FACE('',(#1592),#1674,.T.);
#2477=ADVANCED_FACE('',(#1593),#1675,.T.);
#2478=ADVANCED_FACE('',(#1594),#1676,.T.);
#2479=ADVANCED_FACE('',(#1595),#1677,.T.);
#2480=ADVANCED_FACE('',(#1596),#1678,.T.);
#2481=ADVANCED_FACE('',(#1597),#1679,.T.);
#2482=ADVANCED_FACE('',(#1598),#1680,.T.);
#2483=ADVANCED_FACE('',(#1599),#1681,.T.);
#2484=ADVANCED_FACE('',(#1600),#1682,.T.);
#2485=ADVANCED_FACE('',(#1601),#1683,.T.);
#2486=ADVANCED_FACE('',(#1602),#1684,.T.);
#2487=ADVANCED_FACE('',(#1603),#1685,.T.);
#2488=ADVANCED_FACE('',(#1604),#1686,.T.);
#2489=ADVANCED_FACE('',(#1605),#1687,.T.);
#2490=ADVANCED_FACE('',(#1606),#1688,.T.);
#2491=ADVANCED_FACE('',(#1607),#1689,.T.);
#2492=ADVANCED_FACE('',(#1608),#26,.T.);
#2493=ADVANCED_FACE('',(#1609),#27,.T.);
#2494=ADVANCED_FACE('',(#1610),#1690,.T.);
#2495=ADVANCED_FACE('',(#1611),#1691,.T.);
#2496=ADVANCED_FACE('',(#1612),#1692,.T.);
#2497=ADVANCED_FACE('',(#1613),#1693,.T.);
#2498=ADVANCED_FACE('',(#1614),#28,.T.);
#2499=ADVANCED_FACE('',(#1615),#1694,.T.);
#2500=ADVANCED_FACE('',(#1616),#1695,.T.);
#2501=ADVANCED_FACE('',(#1617),#1696,.T.);
#2502=ADVANCED_FACE('',(#1618),#1697,.T.);
#2503=ADVANCED_FACE('',(#1619),#1698,.T.);
#2504=ADVANCED_FACE('',(#1620),#1699,.T.);
#2505=ADVANCED_FACE('',(#1621),#29,.T.);
#2506=ADVANCED_FACE('',(#1622),#30,.T.);
#2507=ADVANCED_FACE('',(#1623),#1700,.T.);
#2508=ADVANCED_FACE('',(#1624),#1701,.T.);
#2509=ADVANCED_FACE('',(#1625),#1702,.T.);
#2510=ADVANCED_FACE('',(#1626),#1703,.T.);
#2511=ADVANCED_FACE('',(#1627),#31,.T.);
#2512=ADVANCED_FACE('',(#1628),#1704,.T.);
#2513=ADVANCED_FACE('',(#1629),#1705,.T.);
#2514=ADVANCED_FACE('',(#1630),#1706,.T.);
#2515=ADVANCED_FACE('',(#1631),#1707,.T.);
#2516=ADVANCED_FACE('',(#1632),#1708,.T.);
#2517=ADVANCED_FACE('',(#1633),#1709,.T.);
#2518=ADVANCED_FACE('',(#1634),#32,.T.);
#2519=ADVANCED_FACE('',(#1635),#33,.T.);
#2520=ADVANCED_FACE('',(#1636),#1710,.T.);
#2521=ADVANCED_FACE('',(#1637),#1711,.T.);
#2522=ADVANCED_FACE('',(#1638),#1712,.T.);
#2523=ADVANCED_FACE('',(#1639),#1713,.T.);
#2524=ADVANCED_FACE('',(#1640),#34,.T.);
#2525=ADVANCED_FACE('',(#1641),#1714,.T.);
#2526=ADVANCED_FACE('',(#1642),#1715,.T.);
#2527=CLOSED_SHELL('',(#2426,#2427,#2428,#2429,#2430,#2431,#2432,#2433,
#2434,#2435,#2436,#2437,#2438,#2439,#2440,#2441,#2442,#2443,#2444,#2445,
#2446,#2447,#2448,#2449,#2450,#2451,#2452,#2453,#2454,#2455,#2456,#2457,
#2458,#2459,#2460,#2461,#2462,#2463,#2464,#2465,#2466,#2467,#2468,#2469,
#2470,#2471,#2472,#2473,#2474,#2475,#2476,#2477,#2478,#2479,#2480,#2481,
#2482,#2483,#2484,#2485,#2486,#2487,#2488,#2489,#2490,#2491,#2492,#2493,
#2494,#2495,#2496,#2497,#2498,#2499,#2500,#2501,#2502,#2503,#2504,#2505,
#2506,#2507,#2508,#2509,#2510,#2511,#2512,#2513,#2514,#2515,#2516,#2517,
#2518,#2519,#2520,#2521,#2522,#2523,#2524,#2525,#2526));
#2528=MANIFOLD_SOLID_BREP('',#2527);
#2529=SHAPE_DEFINITION_REPRESENTATION(#4125,#2530);
#2530=SHAPE_REPRESENTATION('74439369xxx',(#2531),#4120);
#2531=AXIS2_PLACEMENT_3D('',#2999,#2648,#2649);
#2532=AXIS2_PLACEMENT_3D('',#3000,#2650,#2651);
#2533=AXIS2_PLACEMENT_3D('',#3114,#2656,#2657);
#2534=AXIS2_PLACEMENT_3D('',#3337,#2658,#2659);
#2535=AXIS2_PLACEMENT_3D('',#3346,#2664,#2665);
#2536=AXIS2_PLACEMENT_3D('',#3355,#2670,#2671);
#2537=AXIS2_PLACEMENT_3D('',#3364,#2676,#2677);
#2538=AXIS2_PLACEMENT_3D('',#3373,#2682,#2683);
#2539=AXIS2_PLACEMENT_3D('',#3374,#2684,#2685);
#2540=AXIS2_PLACEMENT_3D('',#3375,#2686,#2687);
#2541=AXIS2_PLACEMENT_3D('',#3376,#2688,#2689);
#2542=AXIS2_PLACEMENT_3D('',#3377,#2690,#2691);
#2543=AXIS2_PLACEMENT_3D('',#3378,#2692,#2693);
#2544=AXIS2_PLACEMENT_3D('',#3379,#2694,#2695);
#2545=AXIS2_PLACEMENT_3D('',#3380,#2696,#2697);
#2546=AXIS2_PLACEMENT_3D('',#3381,#2698,#2699);
#2547=AXIS2_PLACEMENT_3D('',#3382,#2700,#2701);
#2548=AXIS2_PLACEMENT_3D('',#3383,#2702,#2703);
#2549=AXIS2_PLACEMENT_3D('',#3384,#2704,#2705);
#2550=AXIS2_PLACEMENT_3D('',#3385,#2706,#2707);
#2551=AXIS2_PLACEMENT_3D('',#3402,#2716,#2717);
#2552=AXIS2_PLACEMENT_3D('',#3408,#2721,#2722);
#2553=AXIS2_PLACEMENT_3D('',#3412,#2724,#2725);
#2554=AXIS2_PLACEMENT_3D('',#3415,#2727,#2728);
#2555=AXIS2_PLACEMENT_3D('',#3416,#2729,#2730);
#2556=AXIS2_PLACEMENT_3D('',#3420,#2733,#2734);
#2557=AXIS2_PLACEMENT_3D('',#3421,#2735,#2736);
#2558=AXIS2_PLACEMENT_3D('',#3425,#2738,#2739);
#2559=AXIS2_PLACEMENT_3D('',#3426,#2740,#2741);
#2560=AXIS2_PLACEMENT_3D('',#3429,#2744,#2745);
#2561=AXIS2_PLACEMENT_3D('',#3435,#2749,#2750);
#2562=AXIS2_PLACEMENT_3D('',#3438,#2752,#2753);
#2563=AXIS2_PLACEMENT_3D('',#3442,#2755,#2756);
#2564=AXIS2_PLACEMENT_3D('',#3443,#2757,#2758);
#2565=AXIS2_PLACEMENT_3D('',#3447,#2761,#2762);
#2566=AXIS2_PLACEMENT_3D('',#3451,#2764,#2765);
#2567=AXIS2_PLACEMENT_3D('',#3452,#2766,#2767);
#2568=AXIS2_PLACEMENT_3D('',#3453,#2768,#2769);
#2569=AXIS2_PLACEMENT_3D('',#3456,#2772,#2773);
#2570=AXIS2_PLACEMENT_3D('',#3457,#2774,#2775);
#2571=AXIS2_PLACEMENT_3D('',#3458,#2776,#2777);
#2572=AXIS2_PLACEMENT_3D('',#3459,#2778,#2779);
#2573=AXIS2_PLACEMENT_3D('',#3460,#2780,#2781);
#2574=AXIS2_PLACEMENT_3D('',#3464,#2783,#2784);
#2575=AXIS2_PLACEMENT_3D('',#3468,#2786,#2787);
#2576=AXIS2_PLACEMENT_3D('',#3472,#2789,#2790);
#2577=AXIS2_PLACEMENT_3D('',#3476,#2792,#2793);
#2578=AXIS2_PLACEMENT_3D('',#3477,#2794,#2795);
#2579=AXIS2_PLACEMENT_3D('',#3478,#2796,#2797);
#2580=AXIS2_PLACEMENT_3D('',#3480,#2798,#2799);
#2581=AXIS2_PLACEMENT_3D('',#3481,#2800,#2801);
#2582=AXIS2_PLACEMENT_3D('',#3482,#2802,#2803);
#2583=AXIS2_PLACEMENT_3D('',#3484,#2804,#2805);
#2584=AXIS2_PLACEMENT_3D('',#3485,#2806,#2807);
#2585=AXIS2_PLACEMENT_3D('',#3486,#2808,#2809);
#2586=AXIS2_PLACEMENT_3D('',#3488,#2810,#2811);
#2587=AXIS2_PLACEMENT_3D('',#3489,#2812,#2813);
#2588=AXIS2_PLACEMENT_3D('',#3490,#2814,#2815);
#2589=AXIS2_PLACEMENT_3D('',#3492,#2816,#2817);
#2590=AXIS2_PLACEMENT_3D('',#3493,#2818,#2819);
#2591=AXIS2_PLACEMENT_3D('',#3496,#2822,#2823);
#2592=AXIS2_PLACEMENT_3D('',#3498,#2825,#2826);
#2593=AXIS2_PLACEMENT_3D('',#3500,#2828,#2829);
#2594=AXIS2_PLACEMENT_3D('',#3501,#2830,#2831);
#2595=AXIS2_PLACEMENT_3D('',#3502,#2832,#2833);
#2596=AXIS2_PLACEMENT_3D('',#3504,#2834,#2835);
#2597=AXIS2_PLACEMENT_3D('',#3505,#2836,#2837);
#2598=AXIS2_PLACEMENT_3D('',#3514,#2840,#2841);
#2599=AXIS2_PLACEMENT_3D('',#3521,#2843,#2844);
#2600=AXIS2_PLACEMENT_3D('',#3576,#2848,#2849);
#2601=AXIS2_PLACEMENT_3D('',#3623,#2853,#2854);
#2602=AXIS2_PLACEMENT_3D('',#3630,#2856,#2857);
#2603=AXIS2_PLACEMENT_3D('',#3637,#2859,#2860);
#2604=AXIS2_PLACEMENT_3D('',#3694,#2863,#2864);
#2605=AXIS2_PLACEMENT_3D('',#3695,#2865,#2866);
#2606=AXIS2_PLACEMENT_3D('',#3702,#2869,#2870);
#2607=AXIS2_PLACEMENT_3D('',#3707,#2872,#2873);
#2608=AXIS2_PLACEMENT_3D('',#3712,#2875,#2876);
#2609=AXIS2_PLACEMENT_3D('',#3717,#2878,#2879);
#2610=AXIS2_PLACEMENT_3D('',#3722,#2881,#2882);
#2611=AXIS2_PLACEMENT_3D('',#3727,#2884,#2885);
#2612=AXIS2_PLACEMENT_3D('',#3732,#2887,#2888);
#2613=AXIS2_PLACEMENT_3D('',#3737,#2890,#2891);
#2614=AXIS2_PLACEMENT_3D('',#3742,#2893,#2894);
#2615=AXIS2_PLACEMENT_3D('',#3747,#2896,#2897);
#2616=AXIS2_PLACEMENT_3D('',#3752,#2899,#2900);
#2617=AXIS2_PLACEMENT_3D('',#3755,#2901,#2902);
#2618=AXIS2_PLACEMENT_3D('',#3756,#2903,#2904);
#2619=AXIS2_PLACEMENT_3D('',#3765,#2907,#2908);
#2620=AXIS2_PLACEMENT_3D('',#3772,#2910,#2911);
#2621=AXIS2_PLACEMENT_3D('',#3779,#2913,#2914);
#2622=AXIS2_PLACEMENT_3D('',#3826,#2918,#2919);
#2623=AXIS2_PLACEMENT_3D('',#3833,#2921,#2922);
#2624=AXIS2_PLACEMENT_3D('',#3840,#2924,#2925);
#2625=AXIS2_PLACEMENT_3D('',#3847,#2927,#2928);
#2626=AXIS2_PLACEMENT_3D('',#3871,#2931,#2932);
#2627=AXIS2_PLACEMENT_3D('',#3876,#2933,#2934);
#2628=AXIS2_PLACEMENT_3D('',#3877,#2935,#2936);
#2629=AXIS2_PLACEMENT_3D('',#3886,#2939,#2940);
#2630=AXIS2_PLACEMENT_3D('',#3893,#2942,#2943);
#2631=AXIS2_PLACEMENT_3D('',#3900,#2945,#2946);
#2632=AXIS2_PLACEMENT_3D('',#3947,#2950,#2951);
#2633=AXIS2_PLACEMENT_3D('',#3954,#2953,#2954);
#2634=AXIS2_PLACEMENT_3D('',#3961,#2956,#2957);
#2635=AXIS2_PLACEMENT_3D('',#3968,#2959,#2960);
#2636=AXIS2_PLACEMENT_3D('',#3992,#2963,#2964);
#2637=AXIS2_PLACEMENT_3D('',#3997,#2965,#2966);
#2638=AXIS2_PLACEMENT_3D('',#3998,#2967,#2968);
#2639=AXIS2_PLACEMENT_3D('',#4007,#2971,#2972);
#2640=AXIS2_PLACEMENT_3D('',#4014,#2974,#2975);
#2641=AXIS2_PLACEMENT_3D('',#4021,#2977,#2978);
#2642=AXIS2_PLACEMENT_3D('',#4068,#2982,#2983);
#2643=AXIS2_PLACEMENT_3D('',#4075,#2985,#2986);
#2644=AXIS2_PLACEMENT_3D('',#4082,#2988,#2989);
#2645=AXIS2_PLACEMENT_3D('',#4089,#2991,#2992);
#2646=AXIS2_PLACEMENT_3D('',#4113,#2995,#2996);
#2647=AXIS2_PLACEMENT_3D('',#4118,#2997,#2998);
#2648=DIRECTION('',(0.,0.,1.));
#2649=DIRECTION('',(1.,0.,0.));
#2650=DIRECTION('',(0.,0.,-1.));
#2651=DIRECTION('',(-1.,0.,0.));
#2652=DIRECTION('',(0.,1.,0.));
#2653=DIRECTION('',(-1.,-8.18265790555098E-17,0.));
#2654=DIRECTION('',(9.13012355777267E-17,-1.,0.));
#2655=DIRECTION('',(1.,0.,0.));
#2656=DIRECTION('',(0.,0.,-1.));
#2657=DIRECTION('',(1.,0.,0.));
#2658=DIRECTION('',(1.,8.26058798084194E-17,0.));
#2659=DIRECTION('',(-8.26058798084194E-17,1.,0.));
#2660=DIRECTION('',(0.,0.,-1.));
#2661=DIRECTION('',(8.26058798084194E-17,1.,0.));
#2662=DIRECTION('',(0.,0.,-1.));
#2663=DIRECTION('',(8.26058798084194E-17,-1.,0.));
#2664=DIRECTION('',(1.4954512723938E-16,-1.,0.));
#2665=DIRECTION('',(1.,1.4954512723938E-16,0.));
#2666=DIRECTION('',(0.,0.,-1.));
#2667=DIRECTION('',(1.,0.,0.));
#2668=DIRECTION('',(0.,0.,-1.));
#2669=DIRECTION('',(-1.,-1.4954512723938E-16,0.));
#2670=DIRECTION('',(-1.,-8.26058798084194E-17,0.));
#2671=DIRECTION('',(8.26058798084194E-17,-1.,0.));
#2672=DIRECTION('',(0.,0.,-1.));
#2673=DIRECTION('',(1.65211759616839E-16,-1.,0.));
#2674=DIRECTION('',(0.,0.,-1.));
#2675=DIRECTION('',(-8.26058798084194E-17,1.,0.));
#2676=DIRECTION('',(-1.4954512723938E-16,1.,0.));
#2677=DIRECTION('',(-1.,-1.4954512723938E-16,0.));
#2678=DIRECTION('',(0.,0.,-1.));
#2679=DIRECTION('',(-1.,-1.4954512723938E-16,0.));
#2680=DIRECTION('',(0.,0.,-1.));
#2681=DIRECTION('',(1.,1.4954512723938E-16,0.));
#2682=DIRECTION('',(0.,0.,-1.));
#2683=DIRECTION('',(-1.,0.,0.));
#2684=DIRECTION('',(0.,0.,1.));
#2685=DIRECTION('',(1.,0.,0.));
#2686=DIRECTION('',(0.,0.,-1.));
#2687=DIRECTION('',(-1.,0.,0.));
#2688=DIRECTION('',(0.,0.,-1.));
#2689=DIRECTION('',(-1.,0.,0.));
#2690=DIRECTION('',(0.,0.,1.));
#2691=DIRECTION('',(1.,0.,0.));
#2692=DIRECTION('',(0.,0.,-1.));
#2693=DIRECTION('',(-1.,0.,0.));
#2694=DIRECTION('',(0.,0.,-1.));
#2695=DIRECTION('',(-1.,0.,0.));
#2696=DIRECTION('',(0.,0.,1.));
#2697=DIRECTION('',(1.,0.,0.));
#2698=DIRECTION('',(0.,0.,-1.));
#2699=DIRECTION('',(-1.,0.,0.));
#2700=DIRECTION('',(0.,0.,-1.));
#2701=DIRECTION('',(-1.,0.,0.));
#2702=DIRECTION('',(0.,0.,1.));
#2703=DIRECTION('',(1.,0.,0.));
#2704=DIRECTION('',(0.,0.,-1.));
#2705=DIRECTION('',(-1.,0.,0.));
#2706=DIRECTION('',(0.,0.,-1.));
#2707=DIRECTION('',(-1.,0.,0.));
#2708=DIRECTION('',(-1.,0.,0.));
#2709=DIRECTION('',(-7.88510670898548E-16,-1.,0.));
#2710=DIRECTION('',(1.,0.,0.));
#2711=DIRECTION('',(-7.88510670898548E-16,1.,0.));
#2712=DIRECTION('',(1.,0.,0.));
#2713=DIRECTION('',(-7.88510670898548E-16,1.,0.));
#2714=DIRECTION('',(-1.,0.,0.));
#2715=DIRECTION('',(-7.88510670898548E-16,-1.,0.));
#2716=DIRECTION('',(1.,-7.88510670898548E-16,0.));
#2717=DIRECTION('',(7.88510670898548E-16,1.,0.));
#2718=DIRECTION('',(0.,0.,-1.));
#2719=DIRECTION('',(-7.88510670898548E-16,-1.,0.));
#2720=DIRECTION('',(0.,0.,-1.));
#2721=DIRECTION('',(0.,1.,0.));
#2722=DIRECTION('',(0.,0.,1.));
#2723=DIRECTION('',(1.,0.,0.));
#2724=DIRECTION('',(0.,1.,0.));
#2725=DIRECTION('',(0.,0.,1.));
#2726=DIRECTION('',(0.,0.,-1.));
#2727=DIRECTION('',(0.,1.,0.));
#2728=DIRECTION('',(0.,0.,1.));
#2729=DIRECTION('',(-1.,-7.88510670898548E-16,0.));
#2730=DIRECTION('',(7.88510670898548E-16,-1.,0.));
#2731=DIRECTION('',(-7.88510670898548E-16,1.,0.));
#2732=DIRECTION('',(0.,0.,-1.));
#2733=DIRECTION('',(0.,-1.,0.));
#2734=DIRECTION('',(0.,0.,-1.));
#2735=DIRECTION('',(0.,-1.,0.));
#2736=DIRECTION('',(0.,0.,-1.));
#2737=DIRECTION('',(-1.,0.,0.));
#2738=DIRECTION('',(0.,-1.,0.));
#2739=DIRECTION('',(0.,0.,-1.));
#2740=DIRECTION('',(0.,0.,1.));
#2741=DIRECTION('',(1.,0.,0.));
#2742=DIRECTION('',(-7.88510670898548E-16,1.,0.));
#2743=DIRECTION('',(-7.88510670898548E-16,-1.,0.));
#2744=DIRECTION('',(1.,7.88510670898548E-16,0.));
#2745=DIRECTION('',(-7.88510670898548E-16,1.,0.));
#2746=DIRECTION('',(0.,0.,1.));
#2747=DIRECTION('',(-7.88510670898548E-16,1.,0.));
#2748=DIRECTION('',(0.,0.,1.));
#2749=DIRECTION('',(0.,-1.,0.));
#2750=DIRECTION('',(0.,0.,-1.));
#2751=DIRECTION('',(0.,0.,1.));
#2752=DIRECTION('',(0.,-1.,0.));
#2753=DIRECTION('',(0.,0.,-1.));
#2754=DIRECTION('',(1.,0.,0.));
#2755=DIRECTION('',(0.,-1.,0.));
#2756=DIRECTION('',(0.,0.,-1.));
#2757=DIRECTION('',(-1.,7.88510670898548E-16,0.));
#2758=DIRECTION('',(-7.88510670898548E-16,-1.,0.));
#2759=DIRECTION('',(0.,0.,1.));
#2760=DIRECTION('',(-7.88510670898548E-16,-1.,0.));
#2761=DIRECTION('',(0.,1.,0.));
#2762=DIRECTION('',(0.,0.,1.));
#2763=DIRECTION('',(-1.,0.,0.));
#2764=DIRECTION('',(0.,1.,0.));
#2765=DIRECTION('',(0.,0.,1.));
#2766=DIRECTION('',(0.,1.,0.));
#2767=DIRECTION('',(0.,0.,1.));
#2768=DIRECTION('',(0.,0.,-1.));
#2769=DIRECTION('',(-1.,0.,0.));
#2770=DIRECTION('',(-7.88510670898548E-16,-1.,0.));
#2771=DIRECTION('',(-7.88510670898548E-16,1.,0.));
#2772=DIRECTION('',(-7.88510670898548E-16,-1.,0.));
#2773=DIRECTION('',(1.,-7.88510670898548E-16,0.));
#2774=DIRECTION('',(7.88510670898548E-16,-1.,0.));
#2775=DIRECTION('',(1.,7.88510670898548E-16,0.));
#2776=DIRECTION('',(7.88510670898548E-16,1.,0.));
#2777=DIRECTION('',(-1.,7.88510670898548E-16,0.));
#2778=DIRECTION('',(-7.88510670898548E-16,1.,0.));
#2779=DIRECTION('',(-1.,-7.88510670898548E-16,0.));
#2780=DIRECTION('',(0.,0.,1.));
#2781=DIRECTION('',(1.,0.,0.));
#2782=DIRECTION('',(-1.,-8.18265790555098E-17,0.));
#2783=DIRECTION('',(0.,0.,1.));
#2784=DIRECTION('',(1.,0.,0.));
#2785=DIRECTION('',(0.,1.,0.));
#2786=DIRECTION('',(0.,0.,1.));
#2787=DIRECTION('',(1.,0.,0.));
#2788=DIRECTION('',(1.,0.,0.));
#2789=DIRECTION('',(0.,0.,1.));
#2790=DIRECTION('',(1.,0.,0.));
#2791=DIRECTION('',(9.13012355777267E-17,-1.,0.));
#2792=DIRECTION('',(0.,0.,1.));
#2793=DIRECTION('',(1.,0.,0.));
#2794=DIRECTION('',(0.,0.,1.));
#2795=DIRECTION('',(1.,0.,0.));
#2796=DIRECTION('',(0.707106781186547,0.,0.707106781186547));
#2797=DIRECTION('',(-0.707106781186548,0.,0.707106781186548));
#2798=DIRECTION('',(0.,-0.707106781186547,0.707106781186547));
#2799=DIRECTION('',(0.,0.707106781186548,0.707106781186548));
#2800=DIRECTION('',(0.,0.,1.));
#2801=DIRECTION('',(1.,0.,0.));
#2802=DIRECTION('',(0.,-0.707106781186547,0.707106781186547));
#2803=DIRECTION('',(0.,0.707106781186548,0.707106781186548));
#2804=DIRECTION('',(-0.707106781186547,-6.4559722807721E-17,0.707106781186548));
#2805=DIRECTION('',(0.707106781186548,6.45597228077211E-17,0.707106781186547));
#2806=DIRECTION('',(0.,0.,1.));
#2807=DIRECTION('',(1.,0.,0.));
#2808=DIRECTION('',(-0.707106781186547,-6.4559722807721E-17,0.707106781186548));
#2809=DIRECTION('',(0.707106781186548,6.45597228077211E-17,0.707106781186547));
#2810=DIRECTION('',(-5.78601289314481E-17,0.707106781186548,0.707106781186547));
#2811=DIRECTION('',(5.7860128931448E-17,-0.707106781186547,0.707106781186548));
#2812=DIRECTION('',(0.,0.,1.));
#2813=DIRECTION('',(1.,0.,0.));
#2814=DIRECTION('',(-5.78601289314481E-17,0.707106781186548,0.707106781186547));
#2815=DIRECTION('',(5.7860128931448E-17,-0.707106781186547,0.707106781186548));
#2816=DIRECTION('',(0.707106781186547,0.,0.707106781186547));
#2817=DIRECTION('',(-0.707106781186548,0.,0.707106781186548));
#2818=DIRECTION('',(0.,-0.707106781186547,0.707106781186547));
#2819=DIRECTION('',(-1.,0.,0.));
#2820=DIRECTION('',(0.577350269189626,-0.577350269189626,-0.577350269189626));
#2821=DIRECTION('',(-0.577350269189626,-0.577350269189626,-0.577350269189626));
#2822=DIRECTION('',(0.707106781186547,0.,0.707106781186547));
#2823=DIRECTION('',(0.,-1.,0.));
#2824=DIRECTION('',(0.577350269189626,0.577350269189625,-0.577350269189626));
#2825=DIRECTION('',(-0.707106781186547,-6.4559722807721E-17,0.707106781186548));
#2826=DIRECTION('',(-9.13012355777267E-17,1.,0.));
#2827=DIRECTION('',(-0.577350269189627,0.577350269189625,-0.577350269189626));
#2828=DIRECTION('',(-5.78601289314481E-17,0.707106781186548,0.707106781186547));
#2829=DIRECTION('',(1.,8.18265790555098E-17,0.));
#2830=DIRECTION('',(0.,0.,1.));
#2831=DIRECTION('',(1.,0.,0.));
#2832=DIRECTION('',(0.,0.,-1.));
#2833=DIRECTION('',(1.,0.,0.));
#2834=DIRECTION('',(0.,0.,-1.));
#2835=DIRECTION('',(-1.,0.,0.));
#2836=DIRECTION('',(0.,1.,0.));
#2837=DIRECTION('',(0.,0.,1.));
#2838=DIRECTION('',(0.,0.,1.));
#2839=DIRECTION('',(0.,0.,1.));
#2840=DIRECTION('',(0.967357208236787,0.253416715455648,0.));
#2841=DIRECTION('',(-0.253416715455648,0.967357208236787,0.));
#2842=DIRECTION('',(0.,0.,1.));
#2843=DIRECTION('',(0.,-1.,0.));
#2844=DIRECTION('',(0.,0.,-1.));
#2845=DIRECTION('',(0.,0.,1.));
#2846=DIRECTION('',(0.,0.,1.));
#2847=DIRECTION('',(0.,0.,1.));
#2848=DIRECTION('',(0.,-1.,0.));
#2849=DIRECTION('',(0.,0.,-1.));
#2850=DIRECTION('',(0.,0.,1.));
#2851=DIRECTION('',(0.,0.,1.));
#2852=DIRECTION('',(0.,0.,1.));
#2853=DIRECTION('',(0.,-1.,0.));
#2854=DIRECTION('',(0.,0.,-1.));
#2855=DIRECTION('',(0.,0.,1.));
#2856=DIRECTION('',(-0.964467240978297,0.264202462289268,0.));
#2857=DIRECTION('',(-0.264202462289268,-0.964467240978297,0.));
#2858=DIRECTION('',(0.,0.,1.));
#2859=DIRECTION('',(0.,1.,0.));
#2860=DIRECTION('',(0.,0.,1.));
#2861=DIRECTION('',(0.,0.,1.));
#2862=DIRECTION('',(0.,0.,1.));
#2863=DIRECTION('',(0.,0.,1.));
#2864=DIRECTION('',(1.,0.,0.));
#2865=DIRECTION('',(0.,1.,0.));
#2866=DIRECTION('',(0.,0.,1.));
#2867=DIRECTION('',(0.,0.,1.));
#2868=DIRECTION('',(0.,0.,1.));
#2869=DIRECTION('',(1.,0.,0.));
#2870=DIRECTION('',(0.,0.,-1.));
#2871=DIRECTION('',(0.,0.,1.));
#2872=DIRECTION('',(0.,-1.,0.));
#2873=DIRECTION('',(0.,0.,-1.));
#2874=DIRECTION('',(0.,0.,1.));
#2875=DIRECTION('',(-1.,0.,0.));
#2876=DIRECTION('',(0.,0.,1.));
#2877=DIRECTION('',(0.,0.,1.));
#2878=DIRECTION('',(0.,1.,0.));
#2879=DIRECTION('',(0.,0.,1.));
#2880=DIRECTION('',(0.,0.,1.));
#2881=DIRECTION('',(-1.,0.,0.));
#2882=DIRECTION('',(0.,0.,1.));
#2883=DIRECTION('',(0.,0.,1.));
#2884=DIRECTION('',(0.,-1.,0.));
#2885=DIRECTION('',(0.,0.,-1.));
#2886=DIRECTION('',(0.,0.,1.));
#2887=DIRECTION('',(-1.,0.,0.));
#2888=DIRECTION('',(0.,0.,1.));
#2889=DIRECTION('',(0.,0.,1.));
#2890=DIRECTION('',(0.,1.,0.));
#2891=DIRECTION('',(0.,0.,1.));
#2892=DIRECTION('',(0.,0.,1.));
#2893=DIRECTION('',(-1.,0.,0.));
#2894=DIRECTION('',(0.,0.,1.));
#2895=DIRECTION('',(0.,0.,1.));
#2896=DIRECTION('',(0.,-1.,0.));
#2897=DIRECTION('',(0.,0.,-1.));
#2898=DIRECTION('',(0.,0.,1.));
#2899=DIRECTION('',(-1.,0.,0.));
#2900=DIRECTION('',(0.,0.,1.));
#2901=DIRECTION('',(0.,0.,1.));
#2902=DIRECTION('',(1.,0.,0.));
#2903=DIRECTION('',(0.,1.,0.));
#2904=DIRECTION('',(0.,0.,1.));
#2905=DIRECTION('',(0.,0.,1.));
#2906=DIRECTION('',(0.,0.,1.));
#2907=DIRECTION('',(0.817327880727578,-0.57617283464718,0.));
#2908=DIRECTION('',(0.57617283464718,0.817327880727578,0.));
#2909=DIRECTION('',(0.,0.,1.));
#2910=DIRECTION('',(0.81739912207452,0.576071762223947,0.));
#2911=DIRECTION('',(-0.576071762223947,0.81739912207452,0.));
#2912=DIRECTION('',(0.,0.,1.));
#2913=DIRECTION('',(0.,-1.,0.));
#2914=DIRECTION('',(0.,0.,-1.));
#2915=DIRECTION('',(0.,0.,1.));
#2916=DIRECTION('',(0.,0.,1.));
#2917=DIRECTION('',(0.,0.,1.));
#2918=DIRECTION('',(0.,-1.,0.));
#2919=DIRECTION('',(0.,0.,-1.));
#2920=DIRECTION('',(0.,0.,1.));
#2921=DIRECTION('',(-0.816881446663565,0.576805601651754,0.));
#2922=DIRECTION('',(-0.576805601651754,-0.816881446663565,0.));
#2923=DIRECTION('',(0.,0.,1.));
#2924=DIRECTION('',(-0.819164041382889,-0.573559302343927,0.));
#2925=DIRECTION('',(0.573559302343927,-0.819164041382889,0.));
#2926=DIRECTION('',(0.,0.,1.));
#2927=DIRECTION('',(0.,1.,0.));
#2928=DIRECTION('',(0.,0.,1.));
#2929=DIRECTION('',(0.,0.,1.));
#2930=DIRECTION('',(0.,0.,1.));
#2931=DIRECTION('',(-0.819871842622321,0.572547082496348,0.));
#2932=DIRECTION('',(-0.572547082496348,-0.819871842622321,0.));
#2933=DIRECTION('',(0.,0.,1.));
#2934=DIRECTION('',(1.,0.,0.));
#2935=DIRECTION('',(0.,1.,0.));
#2936=DIRECTION('',(0.,0.,1.));
#2937=DIRECTION('',(0.,0.,1.));
#2938=DIRECTION('',(0.,0.,1.));
#2939=DIRECTION('',(0.816647846790951,-0.577136287484771,0.));
#2940=DIRECTION('',(0.577136287484771,0.816647846790951,0.));
#2941=DIRECTION('',(0.,0.,1.));
#2942=DIRECTION('',(0.81739912207452,0.576071762223947,0.));
#2943=DIRECTION('',(-0.576071762223947,0.81739912207452,0.));
#2944=DIRECTION('',(0.,0.,1.));
#2945=DIRECTION('',(0.,-1.,0.));
#2946=DIRECTION('',(0.,0.,-1.));
#2947=DIRECTION('',(0.,0.,1.));
#2948=DIRECTION('',(0.,0.,1.));
#2949=DIRECTION('',(0.,0.,1.));
#2950=DIRECTION('',(0.,-1.,0.));
#2951=DIRECTION('',(0.,0.,-1.));
#2952=DIRECTION('',(0.,0.,1.));
#2953=DIRECTION('',(-0.816146904635686,0.577844468740152,0.));
#2954=DIRECTION('',(-0.577844468740152,-0.816146904635686,0.));
#2955=DIRECTION('',(0.,0.,1.));
#2956=DIRECTION('',(-0.818485238661425,-0.574527557296732,0.));
#2957=DIRECTION('',(0.574527557296732,-0.818485238661426,0.));
#2958=DIRECTION('',(0.,0.,1.));
#2959=DIRECTION('',(0.,1.,0.));
#2960=DIRECTION('',(0.,0.,1.));
#2961=DIRECTION('',(0.,0.,1.));
#2962=DIRECTION('',(0.,0.,1.));
#2963=DIRECTION('',(-0.819871842622321,0.572547082496348,0.));
#2964=DIRECTION('',(-0.572547082496348,-0.819871842622321,0.));
#2965=DIRECTION('',(0.,0.,1.));
#2966=DIRECTION('',(1.,0.,0.));
#2967=DIRECTION('',(0.,1.,0.));
#2968=DIRECTION('',(0.,0.,1.));
#2969=DIRECTION('',(0.,0.,1.));
#2970=DIRECTION('',(0.,0.,1.));
#2971=DIRECTION('',(0.817327880727578,-0.57617283464718,0.));
#2972=DIRECTION('',(0.57617283464718,0.817327880727578,0.));
#2973=DIRECTION('',(0.,0.,1.));
#2974=DIRECTION('',(0.81739912207452,0.576071762223947,0.));
#2975=DIRECTION('',(-0.576071762223947,0.81739912207452,0.));
#2976=DIRECTION('',(0.,0.,1.));
#2977=DIRECTION('',(0.,-1.,0.));
#2978=DIRECTION('',(0.,0.,-1.));
#2979=DIRECTION('',(0.,0.,1.));
#2980=DIRECTION('',(0.,0.,1.));
#2981=DIRECTION('',(0.,0.,1.));
#2982=DIRECTION('',(0.,-1.,0.));
#2983=DIRECTION('',(0.,0.,-1.));
#2984=DIRECTION('',(0.,0.,1.));
#2985=DIRECTION('',(-0.816881446663565,0.576805601651754,0.));
#2986=DIRECTION('',(-0.576805601651754,-0.816881446663565,0.));
#2987=DIRECTION('',(0.,0.,1.));
#2988=DIRECTION('',(-0.819164041382889,-0.573559302343927,0.));
#2989=DIRECTION('',(0.573559302343927,-0.819164041382889,0.));
#2990=DIRECTION('',(0.,0.,1.));
#2991=DIRECTION('',(0.,1.,0.));
#2992=DIRECTION('',(0.,0.,1.));
#2993=DIRECTION('',(0.,0.,1.));
#2994=DIRECTION('',(0.,0.,1.));
#2995=DIRECTION('',(-0.819871842622321,0.572547082496348,0.));
#2996=DIRECTION('',(-0.572547082496348,-0.819871842622321,0.));
#2997=DIRECTION('',(0.,0.,1.));
#2998=DIRECTION('',(1.,0.,0.));
#2999=CARTESIAN_POINT('',(0.,0.,0.));
#3000=CARTESIAN_POINT('',(0.,0.,7.9));
#3001=CARTESIAN_POINT('',(-0.526122823098075,-2.57,7.9));
#3002=CARTESIAN_POINT('',(-0.663000305530094,-2.57,7.9));
#3003=CARTESIAN_POINT('',(-0.799877787962114,-2.57,7.9));
#3004=CARTESIAN_POINT('',(-0.936755270394133,-2.57,7.9));
#3005=CARTESIAN_POINT('',(-0.526122823098075,-2.57,7.9));
#3006=CARTESIAN_POINT('',(-0.936755270394133,-2.57,7.9));
#3007=CARTESIAN_POINT('',(-0.936755270394133,-2.57,7.9));
#3008=CARTESIAN_POINT('',(-0.69233119462267,-2.22413993278338,7.9));
#3009=CARTESIAN_POINT('',(-0.447907118851206,-1.87827986556676,7.9));
#3010=CARTESIAN_POINT('',(-0.203483043079742,-1.53241979835014,7.9));
#3011=CARTESIAN_POINT('',(-0.203483043079742,-1.53241979835014,7.9));
#3012=CARTESIAN_POINT('',(-0.203483043079742,-1.53241979835014,7.9));
#3013=CARTESIAN_POINT('',(-0.429575313168346,-1.21161319890009,7.9));
#3014=CARTESIAN_POINT('',(-0.65566758325695,-0.890806599450046,7.9));
#3015=CARTESIAN_POINT('',(-0.881759853345554,-0.57,7.9));
#3016=CARTESIAN_POINT('',(-0.881759853345554,-0.57,7.9));
#3017=CARTESIAN_POINT('',(-0.881759853345554,-0.57,7.9));
#3018=CARTESIAN_POINT('',(-0.743049190345248,-0.57,7.9));
#3019=CARTESIAN_POINT('',(-0.604338527344943,-0.57,7.9));
#3020=CARTESIAN_POINT('',(-0.465627864344638,-0.57,7.9));
#3021=CARTESIAN_POINT('',(-0.465627864344638,-0.57,7.9));
#3022=CARTESIAN_POINT('',(-0.465627864344638,-0.57,7.9));
#3023=CARTESIAN_POINT('',(-0.35991445157348,-0.727042468683165,7.9));
#3024=CARTESIAN_POINT('',(-0.254201038802322,-0.884084937366331,7.9));
#3025=CARTESIAN_POINT('',(-0.148487626031164,-1.0411274060495,7.9));
#3026=CARTESIAN_POINT('',(-0.0894331516814338,-1.12885572921644,7.9));
#3027=CARTESIAN_POINT('',(-0.0439963336388628,-1.20244729605866,7.9));
#3028=CARTESIAN_POINT('',(-0.0128322639780013,-1.26110907424381,7.9));
#3029=CARTESIAN_POINT('',(-0.0128322639780013,-1.26110907424381,7.9));
#3030=CARTESIAN_POINT('',(-0.0128322639780013,-1.26110907424381,7.9));
#3031=CARTESIAN_POINT('',(0.0439963336388636,-1.18044912923923,7.9));
#3032=CARTESIAN_POINT('',(0.0953253895508714,-1.10895508707608,7.9));
#3033=CARTESIAN_POINT('',(0.14115490375802,-1.04296058661778,7.9));
#3034=CARTESIAN_POINT('',(0.251199813978136,-0.884495915900813,7.9));
#3035=CARTESIAN_POINT('',(0.363580812710053,-0.727653528872594,7.9));
#3036=CARTESIAN_POINT('',(0.474793767186069,-0.57,7.9));
#3037=CARTESIAN_POINT('',(0.474793767186069,-0.57,7.9));
#3038=CARTESIAN_POINT('',(0.474793767186069,-0.57,7.9));
#3039=CARTESIAN_POINT('',(0.612282309807517,-0.57,7.9));
#3040=CARTESIAN_POINT('',(0.749770852428965,-0.57,7.9));
#3041=CARTESIAN_POINT('',(0.887259395050413,-0.57,7.9));
#3042=CARTESIAN_POINT('',(0.887259395050413,-0.57,7.9));
#3043=CARTESIAN_POINT('',(0.887259395050413,-0.57,7.9));
#3044=CARTESIAN_POINT('',(0.660556064772381,-0.890195539260617,7.9));
#3045=CARTESIAN_POINT('',(0.433852734494349,-1.21039107852123,7.9));
#3046=CARTESIAN_POINT('',(0.207149404216316,-1.53058661778185,7.9));
#3047=CARTESIAN_POINT('',(0.207149404216316,-1.53058661778185,7.9));
#3048=CARTESIAN_POINT('',(0.207149404216316,-1.53058661778185,7.9));
#3049=CARTESIAN_POINT('',(0.450351359608922,-1.8770577451879,7.9));
#3050=CARTESIAN_POINT('',(0.693553315001529,-2.22352887259395,7.9));
#3051=CARTESIAN_POINT('',(0.936755270394135,-2.57,7.9));
#3052=CARTESIAN_POINT('',(0.936755270394135,-2.57,7.9));
#3053=CARTESIAN_POINT('',(0.936755270394135,-2.57,7.9));
#3054=CARTESIAN_POINT('',(0.799877787962115,-2.57,7.9));
#3055=CARTESIAN_POINT('',(0.663000305530096,-2.57,7.9));
#3056=CARTESIAN_POINT('',(0.526122823098076,-2.57,7.9));
#3057=CARTESIAN_POINT('',(0.526122823098076,-2.57,7.9));
#3058=CARTESIAN_POINT('',(0.526122823098076,-2.57,7.9));
#3059=CARTESIAN_POINT('',(0.386801099908342,-2.36346165597311,7.9));
#3060=CARTESIAN_POINT('',(0.247479376718607,-2.15692331194623,7.9));
#3061=CARTESIAN_POINT('',(0.108157653528873,-1.95038496791934,7.9));
#3062=CARTESIAN_POINT('',(0.0747076332404603,-1.90079677994792,7.9));
#3063=CARTESIAN_POINT('',(0.0446073938282932,-1.84894897647418,7.9));
#3064=CARTESIAN_POINT('',(0.012832263978003,-1.7982309807516,7.9));
#3065=CARTESIAN_POINT('',(0.012832263978003,-1.7982309807516,7.9));
#3066=CARTESIAN_POINT('',(0.012832263978003,-1.7982309807516,7.9));
#3067=CARTESIAN_POINT('',(-0.166819431714023,-2.05548732050107,7.9));
#3068=CARTESIAN_POINT('',(-0.346471127406049,-2.31274366025053,7.9));
#3069=CARTESIAN_POINT('',(-0.526122823098075,-2.57,7.9));
#3070=CARTESIAN_POINT('',(2.15824468085106,0.7,7.9));
#3071=CARTESIAN_POINT('',(0.670212765957447,0.7,7.9));
#3072=CARTESIAN_POINT('',(2.15824468085106,0.7,7.9));
#3073=CARTESIAN_POINT('',(0.670212765957447,0.7,7.9));
#3074=CARTESIAN_POINT('',(0.670212765957447,0.7,7.9));
#3075=CARTESIAN_POINT('',(0.670212765957447,2.7,7.9));
#3076=CARTESIAN_POINT('',(0.670212765957447,2.7,7.9));
#3077=CARTESIAN_POINT('',(0.670212765957447,2.7,7.9));
#3078=CARTESIAN_POINT('',(2.11170212765958,2.7,7.9));
#3079=CARTESIAN_POINT('',(2.11170212765958,2.7,7.9));
#3080=CARTESIAN_POINT('',(2.11170212765958,2.7,7.9));
#3081=CARTESIAN_POINT('',(2.11170212765958,2.46329787234043,7.9));
#3082=CARTESIAN_POINT('',(2.11170212765958,2.46329787234043,7.9));
#3083=CARTESIAN_POINT('',(2.11170212765958,2.46329787234043,7.9));
#3084=CARTESIAN_POINT('',(0.936170212765959,2.46329787234043,7.9));
#3085=CARTESIAN_POINT('',(0.936170212765959,2.46329787234043,7.9));
#3086=CARTESIAN_POINT('',(0.936170212765959,2.46329787234043,7.9));
#3087=CARTESIAN_POINT('',(0.936170212765959,1.85292553191489,7.9));
#3088=CARTESIAN_POINT('',(0.936170212765959,1.85292553191489,7.9));
#3089=CARTESIAN_POINT('',(0.936170212765959,1.85292553191489,7.9));
#3090=CARTESIAN_POINT('',(2.03723404255319,1.85292553191489,7.9));
#3091=CARTESIAN_POINT('',(2.03723404255319,1.85292553191489,7.9));
#3092=CARTESIAN_POINT('',(2.03723404255319,1.85292553191489,7.9));
#3093=CARTESIAN_POINT('',(2.03723404255319,1.61622340425532,7.9));
#3094=CARTESIAN_POINT('',(2.03723404255319,1.61622340425532,7.9));
#3095=CARTESIAN_POINT('',(2.03723404255319,1.61622340425532,7.9));
#3096=CARTESIAN_POINT('',(0.936170212765959,1.61622340425532,7.9));
#3097=CARTESIAN_POINT('',(0.936170212765959,1.61622340425532,7.9));
#3098=CARTESIAN_POINT('',(0.936170212765959,1.61622340425532,7.9));
#3099=CARTESIAN_POINT('',(0.936170212765959,0.936702127659575,7.9));
#3100=CARTESIAN_POINT('',(0.936170212765959,0.936702127659575,7.9));
#3101=CARTESIAN_POINT('',(0.936170212765959,0.936702127659575,7.9));
#3102=CARTESIAN_POINT('',(2.15824468085106,0.936702127659575,7.9));
#3103=CARTESIAN_POINT('',(2.15824468085106,0.936702127659575,7.9));
#3104=CARTESIAN_POINT('',(2.15824468085106,0.936702127659575,7.9));
#3105=CARTESIAN_POINT('',(2.15824468085106,0.7,7.9));
#3106=CARTESIAN_POINT('',(5.,4.65,7.9));
#3107=CARTESIAN_POINT('',(5.,-4.45,7.9));
#3108=CARTESIAN_POINT('',(5.,4.45,7.9));
#3109=CARTESIAN_POINT('',(-5.2,4.45,7.9));
#3110=CARTESIAN_POINT('',(-5.,4.45,7.9));
#3111=CARTESIAN_POINT('',(-5.,-4.65,7.9));
#3112=CARTESIAN_POINT('',(-5.,-4.45,7.9));
#3113=CARTESIAN_POINT('',(5.2,-4.45,7.9));
#3114=CARTESIAN_POINT('',(-4.15,3.325,7.9));
#3115=CARTESIAN_POINT('',(-3.65,3.325,7.9));
#3116=CARTESIAN_POINT('',(-1.3563829787234,0.7,7.9));
#3117=CARTESIAN_POINT('',(-1.44902482269503,0.7,7.9));
#3118=CARTESIAN_POINT('',(-1.54166666666667,0.7,7.9));
#3119=CARTESIAN_POINT('',(-1.6343085106383,0.7,7.9));
#3120=CARTESIAN_POINT('',(-1.3563829787234,0.7,7.9));
#3121=CARTESIAN_POINT('',(-1.6343085106383,0.7,7.9));
#3122=CARTESIAN_POINT('',(-1.6343085106383,0.7,7.9));
#3123=CARTESIAN_POINT('',(-1.80895390070922,1.36666666666667,7.9));
#3124=CARTESIAN_POINT('',(-1.98359929078014,2.03333333333333,7.9));
#3125=CARTESIAN_POINT('',(-2.15824468085106,2.7,7.9));
#3126=CARTESIAN_POINT('',(-2.15824468085106,2.7,7.9));
#3127=CARTESIAN_POINT('',(-2.15824468085106,2.7,7.9));
#3128=CARTESIAN_POINT('',(-2.06648936170213,2.7,7.9));
#3129=CARTESIAN_POINT('',(-1.97473404255319,2.7,7.9));
#3130=CARTESIAN_POINT('',(-1.88297872340425,2.7,7.9));
#3131=CARTESIAN_POINT('',(-1.88297872340425,2.7,7.9));
#3132=CARTESIAN_POINT('',(-1.88297872340425,2.7,7.9));
#3133=CARTESIAN_POINT('',(-1.78280141843972,2.26294326241135,7.9));
#3134=CARTESIAN_POINT('',(-1.68262411347518,1.8258865248227,7.9));
#3135=CARTESIAN_POINT('',(-1.58244680851064,1.38882978723404,7.9));
#3136=CARTESIAN_POINT('',(-1.55096014071174,1.25145874984593,7.9));
#3137=CARTESIAN_POINT('',(-1.52127659574468,1.11489361702128,7.9));
#3138=CARTESIAN_POINT('',(-1.49867021276596,0.979255319148937,7.9));
#3139=CARTESIAN_POINT('',(-1.49867021276596,0.979255319148937,7.9));
#3140=CARTESIAN_POINT('',(-1.49867021276596,0.979255319148937,7.9));
#3141=CARTESIAN_POINT('',(-1.4468085106383,1.19335106382979,7.9));
#3142=CARTESIAN_POINT('',(-1.41755319148936,1.3156914893617,7.9));
#3143=CARTESIAN_POINT('',(-1.40824468085106,1.34893617021277,7.9));
#3144=CARTESIAN_POINT('',(-1.28206418229265,1.79958080792137,7.9));
#3145=CARTESIAN_POINT('',(-1.15381205673759,2.24964539007092,7.9));
#3146=CARTESIAN_POINT('',(-1.02659574468085,2.7,7.9));
#3147=CARTESIAN_POINT('',(-1.02659574468085,2.7,7.9));
#3148=CARTESIAN_POINT('',(-1.02659574468085,2.7,7.9));
#3149=CARTESIAN_POINT('',(-0.919769503546099,2.7,7.9));
#3150=CARTESIAN_POINT('',(-0.812943262411347,2.7,7.9));
#3151=CARTESIAN_POINT('',(-0.706117021276595,2.7,7.9));
#3152=CARTESIAN_POINT('',(-0.706117021276595,2.7,7.9));
#3153=CARTESIAN_POINT('',(-0.706117021276595,2.7,7.9));
#3154=CARTESIAN_POINT('',(-0.611258865248226,2.36267730496454,7.9));
#3155=CARTESIAN_POINT('',(-0.516400709219857,2.02535460992908,7.9));
#3156=CARTESIAN_POINT('',(-0.421542553191489,1.68803191489362,7.9));
#3157=CARTESIAN_POINT('',(-0.350880841656622,1.43675358555701,7.9));
#3158=CARTESIAN_POINT('',(-0.299202127659574,1.2,7.9));
#3159=CARTESIAN_POINT('',(-0.265957446808509,0.979255319148937,7.9));
#3160=CARTESIAN_POINT('',(-0.265957446808509,0.979255319148937,7.9));
#3161=CARTESIAN_POINT('',(-0.265957446808509,0.979255319148937,7.9));
#3162=CARTESIAN_POINT('',(-0.238031914893616,1.10558510638298,7.9));
#3163=CARTESIAN_POINT('',(-0.203457446808509,1.25053191489362,7.9));
#3164=CARTESIAN_POINT('',(-0.164893617021275,1.41409574468085,7.9));
#3165=CARTESIAN_POINT('',(-0.0636464592298496,1.84352334496863,7.9));
#3166=CARTESIAN_POINT('',(0.0443262411347523,2.27136524822695,7.9));
#3167=CARTESIAN_POINT('',(0.148936170212766,2.7,7.9));
#3168=CARTESIAN_POINT('',(0.148936170212766,2.7,7.9));
#3169=CARTESIAN_POINT('',(0.148936170212766,2.7,7.9));
#3170=CARTESIAN_POINT('',(0.23758865248227,2.7,7.9));
#3171=CARTESIAN_POINT('',(0.326241134751774,2.7,7.9));
#3172=CARTESIAN_POINT('',(0.414893617021277,2.7,7.9));
#3173=CARTESIAN_POINT('',(0.414893617021277,2.7,7.9));
#3174=CARTESIAN_POINT('',(0.414893617021277,2.7,7.9));
#3175=CARTESIAN_POINT('',(0.2322695035461,2.03333333333333,7.9));
#3176=CARTESIAN_POINT('',(0.0496453900709227,1.36666666666667,7.9));
#3177=CARTESIAN_POINT('',(-0.132978723404255,0.7,7.9));
#3178=CARTESIAN_POINT('',(-0.132978723404255,0.7,7.9));
#3179=CARTESIAN_POINT('',(-0.132978723404255,0.7,7.9));
#3180=CARTESIAN_POINT('',(-0.219858156028368,0.7,7.9));
#3181=CARTESIAN_POINT('',(-0.306737588652481,0.7,7.9));
#3182=CARTESIAN_POINT('',(-0.393617021276595,0.7,7.9));
#3183=CARTESIAN_POINT('',(-0.393617021276595,0.7,7.9));
#3184=CARTESIAN_POINT('',(-0.393617021276595,0.7,7.9));
#3185=CARTESIAN_POINT('',(-0.532358156028368,1.2084219858156,7.9));
#3186=CARTESIAN_POINT('',(-0.671099290780141,1.71684397163121,7.9));
#3187=CARTESIAN_POINT('',(-0.809840425531914,2.22526595744681,7.9));
#3188=CARTESIAN_POINT('',(-0.844321019675648,2.35162136154541,7.9));
#3189=CARTESIAN_POINT('',(-0.865691489361701,2.43005319148936,7.9));
#3190=CARTESIAN_POINT('',(-0.873670212765957,2.4593085106383,7.9));
#3191=CARTESIAN_POINT('',(-0.873670212765957,2.4593085106383,7.9));
#3192=CARTESIAN_POINT('',(-0.873670212765957,2.4593085106383,7.9));
#3193=CARTESIAN_POINT('',(-0.89627659574468,2.36622340425532,7.9));
#3194=CARTESIAN_POINT('',(-0.916223404255318,2.28776595744681,7.9));
#3195=CARTESIAN_POINT('',(-0.933510638297871,2.22393617021277,7.9));
#3196=CARTESIAN_POINT('',(-1.0713191833504,1.7151046192496,7.9));
#3197=CARTESIAN_POINT('',(-1.21542553191489,1.20797872340426,7.9));
#3198=CARTESIAN_POINT('',(-1.3563829787234,0.7,7.9));
#3199=CARTESIAN_POINT('',(-2.45279560036664,-2.57,7.9));
#3200=CARTESIAN_POINT('',(-2.58967308279866,-2.57,7.9));
#3201=CARTESIAN_POINT('',(-2.72655056523067,-2.57,7.9));
#3202=CARTESIAN_POINT('',(-2.86342804766269,-2.57,7.9));
#3203=CARTESIAN_POINT('',(-2.45279560036664,-2.57,7.9));
#3204=CARTESIAN_POINT('',(-2.86342804766269,-2.57,7.9));
#3205=CARTESIAN_POINT('',(-2.86342804766269,-2.57,7.9));
#3206=CARTESIAN_POINT('',(-2.61961503208066,-2.22413993278338,7.9));
#3207=CARTESIAN_POINT('',(-2.37580201649862,-1.87827986556676,7.9));
#3208=CARTESIAN_POINT('',(-2.13198900091659,-1.53241979835014,7.9));
#3209=CARTESIAN_POINT('',(-2.13198900091659,-1.53241979835014,7.9));
#3210=CARTESIAN_POINT('',(-2.13198900091659,-1.53241979835014,7.9));
#3211=CARTESIAN_POINT('',(-2.35808127100519,-1.21161319890009,7.9));
#3212=CARTESIAN_POINT('',(-2.5841735410938,-0.890806599450046,7.9));
#3213=CARTESIAN_POINT('',(-2.8102658111824,-0.57,7.9));
#3214=CARTESIAN_POINT('',(-2.8102658111824,-0.57,7.9));
#3215=CARTESIAN_POINT('',(-2.8102658111824,-0.57,7.9));
#3216=CARTESIAN_POINT('',(-2.6715551481821,-0.57,7.9));
#3217=CARTESIAN_POINT('',(-2.53284448518179,-0.57,7.9));
#3218=CARTESIAN_POINT('',(-2.39413382218148,-0.57,7.9));
#3219=CARTESIAN_POINT('',(-2.39413382218148,-0.57,7.9));
#3220=CARTESIAN_POINT('',(-2.39413382218148,-0.57,7.9));
#3221=CARTESIAN_POINT('',(-2.2878093492209,-0.727042468683165,7.9));
#3222=CARTESIAN_POINT('',(-2.18148487626031,-0.884084937366331,7.9));
#3223=CARTESIAN_POINT('',(-2.07516040329972,-1.0411274060495,7.9));
#3224=CARTESIAN_POINT('',(-2.01644876336436,-1.12784517308046,7.9));
#3225=CARTESIAN_POINT('',(-1.97250229147571,-1.20244729605866,7.9));
#3226=CARTESIAN_POINT('',(-1.93950504124656,-1.26110907424381,7.9));
#3227=CARTESIAN_POINT('',(-1.93950504124656,-1.26110907424381,7.9));
#3228=CARTESIAN_POINT('',(-1.93950504124656,-1.26110907424381,7.9));
#3229=CARTESIAN_POINT('',(-1.8826764436297,-1.18044912923923,7.9));
#3230=CARTESIAN_POINT('',(-1.83134738771769,-1.10895508707608,7.9));
#3231=CARTESIAN_POINT('',(-1.78735105407883,-1.04296058661778,7.9));
#3232=CARTESIAN_POINT('',(-1.68018049777903,-0.882204752168088,7.9));
#3233=CARTESIAN_POINT('',(-1.56370302474794,-0.727653528872594,7.9));
#3234=CARTESIAN_POINT('',(-1.45187901008249,-0.57,7.9));
#3235=CARTESIAN_POINT('',(-1.45187901008249,-0.57,7.9));
#3236=CARTESIAN_POINT('',(-1.45187901008249,-0.57,7.9));
#3237=CARTESIAN_POINT('',(-1.31500152765047,-0.57,7.9));
#3238=CARTESIAN_POINT('',(-1.17812404521845,-0.57,7.9));
#3239=CARTESIAN_POINT('',(-1.04124656278643,-0.57,7.9));
#3240=CARTESIAN_POINT('',(-1.04124656278643,-0.57,7.9));
#3241=CARTESIAN_POINT('',(-1.04124656278643,-0.57,7.9));
#3242=CARTESIAN_POINT('',(-1.26733883287504,-0.890195539260617,7.9));
#3243=CARTESIAN_POINT('',(-1.49343110296364,-1.21039107852123,7.9));
#3244=CARTESIAN_POINT('',(-1.71952337305224,-1.53058661778185,7.9));
#3245=CARTESIAN_POINT('',(-1.71952337305224,-1.53058661778185,7.9));
#3246=CARTESIAN_POINT('',(-1.71952337305224,-1.53058661778185,7.9));
#3247=CARTESIAN_POINT('',(-1.47693247784907,-1.8770577451879,7.9));
#3248=CARTESIAN_POINT('',(-1.23434158264589,-2.22352887259395,7.9));
#3249=CARTESIAN_POINT('',(-0.991750687442712,-2.57,7.9));
#3250=CARTESIAN_POINT('',(-0.991750687442712,-2.57,7.9));
#3251=CARTESIAN_POINT('',(-0.991750687442712,-2.57,7.9));
#3252=CARTESIAN_POINT('',(-1.1280171096853,-2.57,7.9));
#3253=CARTESIAN_POINT('',(-1.26428353192789,-2.57,7.9));
#3254=CARTESIAN_POINT('',(-1.40054995417049,-2.57,7.9));
#3255=CARTESIAN_POINT('',(-1.40054995417049,-2.57,7.9));
#3256=CARTESIAN_POINT('',(-1.40054995417049,-2.57,7.9));
#3257=CARTESIAN_POINT('',(-1.53987167736022,-2.36346165597311,7.9));
#3258=CARTESIAN_POINT('',(-1.67919340054995,-2.15692331194623,7.9));
#3259=CARTESIAN_POINT('',(-1.81851512373969,-1.95038496791934,7.9));
#3260=CARTESIAN_POINT('',(-1.8519651440281,-1.90079677994792,7.9));
#3261=CARTESIAN_POINT('',(-1.88206538344027,-1.84894897647418,7.9));
#3262=CARTESIAN_POINT('',(-1.91384051329056,-1.7982309807516,7.9));
#3263=CARTESIAN_POINT('',(-1.91384051329056,-1.7982309807516,7.9));
#3264=CARTESIAN_POINT('',(-1.91384051329056,-1.7982309807516,7.9));
#3265=CARTESIAN_POINT('',(-2.09349220898258,-2.05548732050107,7.9));
#3266=CARTESIAN_POINT('',(-2.27314390467461,-2.31274366025053,7.9));
#3267=CARTESIAN_POINT('',(-2.45279560036664,-2.57,7.9));
#3268=CARTESIAN_POINT('',(1.40238313473877,-2.57,7.9));
#3269=CARTESIAN_POINT('',(1.26550565230675,-2.57,7.9));
#3270=CARTESIAN_POINT('',(1.12862816987473,-2.57,7.9));
#3271=CARTESIAN_POINT('',(0.991750687442714,-2.57,7.9));
#3272=CARTESIAN_POINT('',(1.40238313473877,-2.57,7.9));
#3273=CARTESIAN_POINT('',(0.991750687442714,-2.57,7.9));
#3274=CARTESIAN_POINT('',(0.991750687442714,-2.57,7.9));
#3275=CARTESIAN_POINT('',(1.23556370302475,-2.22413993278338,7.9));
#3276=CARTESIAN_POINT('',(1.47937671860678,-1.87827986556676,7.9));
#3277=CARTESIAN_POINT('',(1.72318973418882,-1.53241979835014,7.9));
#3278=CARTESIAN_POINT('',(1.72318973418882,-1.53241979835014,7.9));
#3279=CARTESIAN_POINT('',(1.72318973418882,-1.53241979835014,7.9));
#3280=CARTESIAN_POINT('',(1.49709746410022,-1.21161319890009,7.9));
#3281=CARTESIAN_POINT('',(1.27100519401161,-0.890806599450046,7.9));
#3282=CARTESIAN_POINT('',(1.04491292392301,-0.57,7.9));
#3283=CARTESIAN_POINT('',(1.04491292392301,-0.57,7.9));
#3284=CARTESIAN_POINT('',(1.04491292392301,-0.57,7.9));
#3285=CARTESIAN_POINT('',(1.18362358692331,-0.57,7.9));
#3286=CARTESIAN_POINT('',(1.32233424992362,-0.57,7.9));
#3287=CARTESIAN_POINT('',(1.46104491292392,-0.57,7.9));
#3288=CARTESIAN_POINT('',(1.46104491292392,-0.57,7.9));
#3289=CARTESIAN_POINT('',(1.46104491292392,-0.57,7.9));
#3290=CARTESIAN_POINT('',(1.56736938588451,-0.727042468683165,7.9));
#3291=CARTESIAN_POINT('',(1.6736938588451,-0.884084937366331,7.9));
#3292=CARTESIAN_POINT('',(1.78001833180568,-1.0411274060495,7.9));
#3293=CARTESIAN_POINT('',(1.83872997174104,-1.12784517308046,7.9));
#3294=CARTESIAN_POINT('',(1.8826764436297,-1.20244729605866,7.9));
#3295=CARTESIAN_POINT('',(1.91567369385885,-1.26110907424381,7.9));
#3296=CARTESIAN_POINT('',(1.91567369385885,-1.26110907424381,7.9));
#3297=CARTESIAN_POINT('',(1.91567369385885,-1.26110907424381,7.9));
#3298=CARTESIAN_POINT('',(1.97250229147571,-1.18044912923923,7.9));
#3299=CARTESIAN_POINT('',(2.02383134738772,-1.10895508707608,7.9));
#3300=CARTESIAN_POINT('',(2.06782768102658,-1.04296058661778,7.9));
#3301=CARTESIAN_POINT('',(2.17499823732638,-0.882204752168087,7.9));
#3302=CARTESIAN_POINT('',(2.29147571035747,-0.727653528872594,7.9));
#3303=CARTESIAN_POINT('',(2.40329972502292,-0.57,7.9));
#3304=CARTESIAN_POINT('',(2.40329972502292,-0.57,7.9));
#3305=CARTESIAN_POINT('',(2.40329972502292,-0.57,7.9));
#3306=CARTESIAN_POINT('',(2.54017720745494,-0.57,7.9));
#3307=CARTESIAN_POINT('',(2.67705468988696,-0.57,7.9));
#3308=CARTESIAN_POINT('',(2.81393217231897,-0.57,7.9));
#3309=CARTESIAN_POINT('',(2.81393217231897,-0.57,7.9));
#3310=CARTESIAN_POINT('',(2.81393217231897,-0.57,7.9));
#3311=CARTESIAN_POINT('',(2.58783990223037,-0.890195539260617,7.9));
#3312=CARTESIAN_POINT('',(2.36174763214177,-1.21039107852123,7.9));
#3313=CARTESIAN_POINT('',(2.13565536205316,-1.53058661778185,7.9));
#3314=CARTESIAN_POINT('',(2.13565536205316,-1.53058661778185,7.9));
#3315=CARTESIAN_POINT('',(2.13565536205316,-1.53058661778185,7.9));
#3316=CARTESIAN_POINT('',(2.37824625725634,-1.8770577451879,7.9));
#3317=CARTESIAN_POINT('',(2.62083715245952,-2.22352887259395,7.9));
#3318=CARTESIAN_POINT('',(2.8634280476627,-2.57,7.9));
#3319=CARTESIAN_POINT('',(2.8634280476627,-2.57,7.9));
#3320=CARTESIAN_POINT('',(2.8634280476627,-2.57,7.9));
#3321=CARTESIAN_POINT('',(2.72716162542011,-2.57,7.9));
#3322=CARTESIAN_POINT('',(2.59089520317751,-2.57,7.9));
#3323=CARTESIAN_POINT('',(2.45462878093492,-2.57,7.9));
#3324=CARTESIAN_POINT('',(2.45462878093492,-2.57,7.9));
#3325=CARTESIAN_POINT('',(2.45462878093492,-2.57,7.9));
#3326=CARTESIAN_POINT('',(2.31530705774519,-2.36346165597311,7.9));
#3327=CARTESIAN_POINT('',(2.17598533455546,-2.15692331194623,7.9));
#3328=CARTESIAN_POINT('',(2.03666361136572,-1.95038496791934,7.9));
#3329=CARTESIAN_POINT('',(2.00321359107731,-1.90079677994792,7.9));
#3330=CARTESIAN_POINT('',(1.97311335166514,-1.84894897647418,7.9));
#3331=CARTESIAN_POINT('',(1.94133822181485,-1.7982309807516,7.9));
#3332=CARTESIAN_POINT('',(1.94133822181485,-1.7982309807516,7.9));
#3333=CARTESIAN_POINT('',(1.94133822181485,-1.7982309807516,7.9));
#3334=CARTESIAN_POINT('',(1.76168652612282,-2.05548732050107,7.9));
#3335=CARTESIAN_POINT('',(1.5820348304308,-2.31274366025053,7.9));
#3336=CARTESIAN_POINT('',(1.40238313473877,-2.57,7.9));
#3337=CARTESIAN_POINT('',(5.8,5.25,7.9));
#3338=CARTESIAN_POINT('',(5.8,5.05,7.9));
#3339=CARTESIAN_POINT('',(5.8,5.05,0.));
#3340=CARTESIAN_POINT('',(5.8,5.05,7.6));
#3341=CARTESIAN_POINT('',(5.8,-5.25,7.6));
#3342=CARTESIAN_POINT('',(5.8,-5.05,7.6));
#3343=CARTESIAN_POINT('',(5.8,-5.05,7.9));
#3344=CARTESIAN_POINT('',(5.8,-5.05,0.));
#3345=CARTESIAN_POINT('',(5.8,5.25,0.));
#3346=CARTESIAN_POINT('',(5.8,-5.25,7.9));
#3347=CARTESIAN_POINT('',(5.6,-5.25,7.9));
#3348=CARTESIAN_POINT('',(5.6,-5.25,0.));
#3349=CARTESIAN_POINT('',(5.6,-5.25,7.6));
#3350=CARTESIAN_POINT('',(-5.8,-5.25,7.6));
#3351=CARTESIAN_POINT('',(-5.6,-5.25,7.6));
#3352=CARTESIAN_POINT('',(-5.6,-5.25,7.9));
#3353=CARTESIAN_POINT('',(-5.6,-5.25,0.));
#3354=CARTESIAN_POINT('',(5.8,-5.25,0.));
#3355=CARTESIAN_POINT('',(-5.8,-5.25,7.9));
#3356=CARTESIAN_POINT('',(-5.8,-5.05,7.9));
#3357=CARTESIAN_POINT('',(-5.8,-5.05,0.));
#3358=CARTESIAN_POINT('',(-5.8,-5.05,7.6));
#3359=CARTESIAN_POINT('',(-5.8,5.25,7.6));
#3360=CARTESIAN_POINT('',(-5.8,5.05,7.6));
#3361=CARTESIAN_POINT('',(-5.8,5.05,7.9));
#3362=CARTESIAN_POINT('',(-5.8,5.05,0.));
#3363=CARTESIAN_POINT('',(-5.8,-5.25,0.));
#3364=CARTESIAN_POINT('',(-5.8,5.25,7.9));
#3365=CARTESIAN_POINT('',(-5.6,5.25,7.9));
#3366=CARTESIAN_POINT('',(-5.6,5.25,0.));
#3367=CARTESIAN_POINT('',(-5.6,5.25,7.6));
#3368=CARTESIAN_POINT('',(5.8,5.25,7.6));
#3369=CARTESIAN_POINT('',(5.6,5.25,7.6));
#3370=CARTESIAN_POINT('',(5.6,5.25,7.9));
#3371=CARTESIAN_POINT('',(5.6,5.25,0.));
#3372=CARTESIAN_POINT('',(-5.8,5.25,0.));
#3373=CARTESIAN_POINT('',(-5.6,-5.05,7.9));
#3374=CARTESIAN_POINT('',(-5.6,-5.05,7.6));
#3375=CARTESIAN_POINT('',(-5.6,-5.05,0.));
#3376=CARTESIAN_POINT('',(5.6,-5.05,7.9));
#3377=CARTESIAN_POINT('',(5.6,-5.05,7.6));
#3378=CARTESIAN_POINT('',(5.6,-5.05,0.));
#3379=CARTESIAN_POINT('',(5.6,5.05,7.9));
#3380=CARTESIAN_POINT('',(5.6,5.05,7.6));
#3381=CARTESIAN_POINT('',(5.6,5.05,0.));
#3382=CARTESIAN_POINT('',(-5.6,5.05,7.9));
#3383=CARTESIAN_POINT('',(-5.6,5.05,7.6));
#3384=CARTESIAN_POINT('',(-5.6,5.05,0.));
#3385=CARTESIAN_POINT('',(0.,0.,0.));
#3386=CARTESIAN_POINT('',(0.,4.425,0.));
#3387=CARTESIAN_POINT('',(4.15,4.425,0.));
#3388=CARTESIAN_POINT('',(-4.15,4.425,0.));
#3389=CARTESIAN_POINT('',(-4.15,3.27231928422898E-15,0.));
#3390=CARTESIAN_POINT('',(-4.15,2.225,0.));
#3391=CARTESIAN_POINT('',(0.,2.225,0.));
#3392=CARTESIAN_POINT('',(4.15,2.225,0.));
#3393=CARTESIAN_POINT('',(4.15,3.27231928422898E-15,0.));
#3394=CARTESIAN_POINT('',(-4.15,-2.225,0.));
#3395=CARTESIAN_POINT('',(-4.15,-2.225,0.));
#3396=CARTESIAN_POINT('',(4.15,-2.225,0.));
#3397=CARTESIAN_POINT('',(-4.15,-4.425,0.));
#3398=CARTESIAN_POINT('',(-4.15,-4.425,0.));
#3399=CARTESIAN_POINT('',(4.15,-4.425,0.));
#3400=CARTESIAN_POINT('',(4.15,-4.425,0.));
#3401=CARTESIAN_POINT('',(4.15,-2.225,0.));
#3402=CARTESIAN_POINT('',(-4.15,4.425,17.0513230710162));
#3403=CARTESIAN_POINT('',(-4.15,4.425,17.0513230710162));
#3404=CARTESIAN_POINT('',(-4.15,4.425,-0.399999999999998));
#3405=CARTESIAN_POINT('',(-4.15,4.425,-0.399999999999998));
#3406=CARTESIAN_POINT('',(-4.15,2.225,-0.399999999999998));
#3407=CARTESIAN_POINT('',(-4.15,2.225,17.0513230710162));
#3408=CARTESIAN_POINT('',(-4.15,2.225,17.0513230710162));
#3409=CARTESIAN_POINT('',(-4.15,2.225,-0.899999999999998));
#3410=CARTESIAN_POINT('',(-3.65,2.225,-0.899999999999998));
#3411=CARTESIAN_POINT('',(3.65,2.225,-0.899999999999998));
#3412=CARTESIAN_POINT('',(3.65,2.225,-0.399999999999998));
#3413=CARTESIAN_POINT('',(4.15,2.225,-0.399999999999998));
#3414=CARTESIAN_POINT('',(4.15,2.225,17.0513230710162));
#3415=CARTESIAN_POINT('',(-3.65,2.225,-0.399999999999998));
#3416=CARTESIAN_POINT('',(4.15,2.225,17.0513230710162));
#3417=CARTESIAN_POINT('',(4.15,2.225,-0.399999999999998));
#3418=CARTESIAN_POINT('',(4.15,4.425,-0.399999999999998));
#3419=CARTESIAN_POINT('',(4.15,4.425,17.0513230710162));
#3420=CARTESIAN_POINT('',(4.15,4.425,17.0513230710162));
#3421=CARTESIAN_POINT('',(3.65,4.425,-0.399999999999998));
#3422=CARTESIAN_POINT('',(3.65,4.425,-0.899999999999998));
#3423=CARTESIAN_POINT('',(4.15,4.425,-0.899999999999998));
#3424=CARTESIAN_POINT('',(-3.65,4.425,-0.899999999999998));
#3425=CARTESIAN_POINT('',(-3.65,4.425,-0.399999999999998));
#3426=CARTESIAN_POINT('',(0.,0.,-0.899999999999998));
#3427=CARTESIAN_POINT('',(3.65,2.8780639487797E-15,-0.899999999999998));
#3428=CARTESIAN_POINT('',(-3.65,2.8780639487797E-15,-0.899999999999998));
#3429=CARTESIAN_POINT('',(-4.15,-4.425,-0.8));
#3430=CARTESIAN_POINT('',(-4.15,-2.225,-0.8));
#3431=CARTESIAN_POINT('',(-4.15,-2.225,-0.3));
#3432=CARTESIAN_POINT('',(-4.15,-4.425,-0.3));
#3433=CARTESIAN_POINT('',(-4.15,-4.425,-0.3));
#3434=CARTESIAN_POINT('',(-4.15,-4.425,-0.8));
#3435=CARTESIAN_POINT('',(-4.15,-2.225,-0.8));
#3436=CARTESIAN_POINT('',(4.15,-2.225,-0.8));
#3437=CARTESIAN_POINT('',(4.15,-2.225,-0.3));
#3438=CARTESIAN_POINT('',(3.65,-2.225,-0.3));
#3439=CARTESIAN_POINT('',(3.65,-2.225,-0.8));
#3440=CARTESIAN_POINT('',(-4.15,-2.225,-0.8));
#3441=CARTESIAN_POINT('',(-3.65,-2.225,-0.8));
#3442=CARTESIAN_POINT('',(-3.65,-2.225,-0.3));
#3443=CARTESIAN_POINT('',(4.15,-2.225,-0.8));
#3444=CARTESIAN_POINT('',(4.15,-4.425,-0.8));
#3445=CARTESIAN_POINT('',(4.15,-4.425,-0.3));
#3446=CARTESIAN_POINT('',(4.15,-2.225,-0.3));
#3447=CARTESIAN_POINT('',(4.15,-4.425,-0.8));
#3448=CARTESIAN_POINT('',(4.15,-4.425,-0.8));
#3449=CARTESIAN_POINT('',(3.65,-4.425,-0.8));
#3450=CARTESIAN_POINT('',(-3.65,-4.425,-0.8));
#3451=CARTESIAN_POINT('',(3.65,-4.425,-0.3));
#3452=CARTESIAN_POINT('',(-3.65,-4.425,-0.3));
#3453=CARTESIAN_POINT('',(0.,0.,-0.8));
#3454=CARTESIAN_POINT('',(3.65,-4.425,-0.8));
#3455=CARTESIAN_POINT('',(-3.65,-2.225,-0.8));
#3456=CARTESIAN_POINT('',(-3.65,4.425,-0.399999999999998));
#3457=CARTESIAN_POINT('',(-3.65,-2.8780639487797E-15,-0.3));
#3458=CARTESIAN_POINT('',(3.65,-2.8780639487797E-15,-0.3));
#3459=CARTESIAN_POINT('',(3.65,2.225,-0.399999999999998));
#3460=CARTESIAN_POINT('',(0.,0.,7.6));
#3461=CARTESIAN_POINT('',(5.3,4.75,7.6));
#3462=CARTESIAN_POINT('',(5.2,4.75,7.6));
#3463=CARTESIAN_POINT('',(-5.2,4.75,7.6));
#3464=CARTESIAN_POINT('',(5.2,4.65,7.6));
#3465=CARTESIAN_POINT('',(5.3,4.65,7.6));
#3466=CARTESIAN_POINT('',(5.3,-4.75,7.6));
#3467=CARTESIAN_POINT('',(5.3,-4.65,7.6));
#3468=CARTESIAN_POINT('',(5.2,-4.65,7.6));
#3469=CARTESIAN_POINT('',(5.2,-4.75,7.6));
#3470=CARTESIAN_POINT('',(-5.3,-4.75,7.6));
#3471=CARTESIAN_POINT('',(-5.2,-4.75,7.6));
#3472=CARTESIAN_POINT('',(-5.2,-4.65,7.6));
#3473=CARTESIAN_POINT('',(-5.3,-4.65,7.6));
#3474=CARTESIAN_POINT('',(-5.3,4.75,7.6));
#3475=CARTESIAN_POINT('',(-5.3,4.65,7.6));
#3476=CARTESIAN_POINT('',(-5.2,4.65,7.6));
#3477=CARTESIAN_POINT('',(5.2,-4.65,7.6));
#3478=CARTESIAN_POINT('',(5.2,-4.65,7.7));
#3479=CARTESIAN_POINT('',(5.27071067811865,-4.72071067811865,7.62928932188135));
#3480=CARTESIAN_POINT('',(5.2,-4.65,7.7));
#3481=CARTESIAN_POINT('',(-5.2,-4.65,7.6));
#3482=CARTESIAN_POINT('',(-5.2,-4.65,7.7));
#3483=CARTESIAN_POINT('',(-5.27071067811865,-4.72071067811865,7.62928932188135));
#3484=CARTESIAN_POINT('',(-5.2,-4.65,7.7));
#3485=CARTESIAN_POINT('',(-5.2,4.65,7.6));
#3486=CARTESIAN_POINT('',(-5.2,4.65,7.7));
#3487=CARTESIAN_POINT('',(-5.27071067811865,4.72071067811865,7.62928932188135));
#3488=CARTESIAN_POINT('',(-5.2,4.65,7.7));
#3489=CARTESIAN_POINT('',(5.2,4.65,7.6));
#3490=CARTESIAN_POINT('',(5.2,4.65,7.7));
#3491=CARTESIAN_POINT('',(5.27071067811866,4.72071067811866,7.62928932188135));
#3492=CARTESIAN_POINT('',(5.2,4.65,7.7));
#3493=CARTESIAN_POINT('',(0.,-4.45,7.9));
#3494=CARTESIAN_POINT('',(3.51666666666667,-2.96666666666667,9.38333333333333));
#3495=CARTESIAN_POINT('',(-3.33333333333333,-2.78333333333333,9.56666666666667));
#3496=CARTESIAN_POINT('',(5.,0.,7.9));
#3497=CARTESIAN_POINT('',(3.33333333333333,2.78333333333333,9.56666666666667));
#3498=CARTESIAN_POINT('',(-5.,-4.56506177888633E-16,7.9));
#3499=CARTESIAN_POINT('',(-3.51666666666667,2.96666666666667,9.38333333333333));
#3500=CARTESIAN_POINT('',(-3.64128276797018E-16,4.45,7.9));
#3501=CARTESIAN_POINT('',(-4.15,3.325,7.89));
#3502=CARTESIAN_POINT('',(-4.15,3.325,7.89));
#3503=CARTESIAN_POINT('',(-3.65,3.325,7.89));
#3504=CARTESIAN_POINT('',(-4.15,3.325,7.89));
#3505=CARTESIAN_POINT('',(-1.3563829787234,0.7,7.89));
#3506=CARTESIAN_POINT('',(-1.3563829787234,0.7,7.89));
#3507=CARTESIAN_POINT('',(-1.3563829787234,0.7,7.89));
#3508=CARTESIAN_POINT('',(-1.3563829787234,0.7,7.89));
#3509=CARTESIAN_POINT('',(-1.44902482269503,0.7,7.89));
#3510=CARTESIAN_POINT('',(-1.54166666666667,0.7,7.89));
#3511=CARTESIAN_POINT('',(-1.6343085106383,0.7,7.89));
#3512=CARTESIAN_POINT('',(-1.6343085106383,0.7,7.89));
#3513=CARTESIAN_POINT('',(-1.6343085106383,0.7,7.89));
#3514=CARTESIAN_POINT('',(-1.6343085106383,0.7,7.89));
#3515=CARTESIAN_POINT('',(-1.6343085106383,0.7,7.89));
#3516=CARTESIAN_POINT('',(-1.80895390070922,1.36666666666667,7.89));
#3517=CARTESIAN_POINT('',(-1.98359929078014,2.03333333333333,7.89));
#3518=CARTESIAN_POINT('',(-2.15824468085106,2.7,7.89));
#3519=CARTESIAN_POINT('',(-2.15824468085106,2.7,7.89));
#3520=CARTESIAN_POINT('',(-2.15824468085106,2.7,7.89));
#3521=CARTESIAN_POINT('',(-2.15824468085106,2.7,7.89));
#3522=CARTESIAN_POINT('',(-2.15824468085106,2.7,7.89));
#3523=CARTESIAN_POINT('',(-2.06648936170213,2.7,7.89));
#3524=CARTESIAN_POINT('',(-1.97473404255319,2.7,7.89));
#3525=CARTESIAN_POINT('',(-1.88297872340425,2.7,7.89));
#3526=CARTESIAN_POINT('',(-1.88297872340425,2.7,7.89));
#3527=CARTESIAN_POINT('',(-1.88297872340425,2.7,7.89));
#3528=CARTESIAN_POINT('',(-1.88297872340425,2.7,7.89));
#3529=CARTESIAN_POINT('',(-1.88297872340425,2.7,7.9));
#3530=CARTESIAN_POINT('',(-1.75166335427689,2.12709312407265,7.89));
#3531=CARTESIAN_POINT('',(-1.75166335427689,2.12709312407265,7.9));
#3532=CARTESIAN_POINT('',(-1.59400579656984,1.55126882197221,7.89));
#3533=CARTESIAN_POINT('',(-1.59400579656984,1.55126882197221,7.9));
#3534=CARTESIAN_POINT('',(-1.49867021276596,0.979255319148937,7.89));
#3535=CARTESIAN_POINT('',(-1.49867021276596,0.979255319148937,7.9));
#3536=CARTESIAN_POINT('',(-1.88297872340425,2.7,7.89));
#3537=CARTESIAN_POINT('',(-1.78280141843972,2.26294326241135,7.89));
#3538=CARTESIAN_POINT('',(-1.68262411347518,1.8258865248227,7.89));
#3539=CARTESIAN_POINT('',(-1.58244680851064,1.38882978723404,7.89));
#3540=CARTESIAN_POINT('',(-1.55096014071174,1.25145874984593,7.89));
#3541=CARTESIAN_POINT('',(-1.52127659574468,1.11489361702128,7.89));
#3542=CARTESIAN_POINT('',(-1.49867021276596,0.979255319148937,7.89));
#3543=CARTESIAN_POINT('',(-1.49867021276596,0.979255319148937,7.89));
#3544=CARTESIAN_POINT('',(-1.49867021276596,0.979255319148937,7.89));
#3545=CARTESIAN_POINT('',(-1.49867021276596,0.979255319148937,7.89));
#3546=CARTESIAN_POINT('',(-1.49867021276596,0.979255319148937,7.9));
#3547=CARTESIAN_POINT('',(-1.46827352026774,1.10473910100055,7.89));
#3548=CARTESIAN_POINT('',(-1.46827352026774,1.10473910100055,7.9));
#3549=CARTESIAN_POINT('',(-1.43463160972074,1.24448979347765,7.89));
#3550=CARTESIAN_POINT('',(-1.43463160972074,1.24448979347765,7.9));
#3551=CARTESIAN_POINT('',(-1.41329734499079,1.33037797610403,7.89000000000001));
#3552=CARTESIAN_POINT('',(-1.41329734499079,1.33037797610403,7.9));
#3553=CARTESIAN_POINT('',(-1.40784991846308,1.35044650382007,7.89));
#3554=CARTESIAN_POINT('',(-1.40784991846308,1.35044650382007,7.9));
#3555=CARTESIAN_POINT('',(-1.37277328248857,1.47542085193501,7.89));
#3556=CARTESIAN_POINT('',(-1.37277328248857,1.47542085193501,7.9));
#3557=CARTESIAN_POINT('',(-1.33127636427524,1.62309652530113,7.89));
#3558=CARTESIAN_POINT('',(-1.33127636427524,1.62309652530113,7.9));
#3559=CARTESIAN_POINT('',(-1.24882489503985,1.91517946950822,7.89));
#3560=CARTESIAN_POINT('',(-1.24882489503985,1.91517946950822,7.9));
#3561=CARTESIAN_POINT('',(-1.14830274461139,2.2699497281614,7.89000000000001));
#3562=CARTESIAN_POINT('',(-1.14830274461139,2.2699497281614,7.9));
#3563=CARTESIAN_POINT('',(-1.06702141997246,2.55689029234747,7.89));
#3564=CARTESIAN_POINT('',(-1.06702141997246,2.55689029234747,7.9));
#3565=CARTESIAN_POINT('',(-1.02659574468085,2.7,7.89));
#3566=CARTESIAN_POINT('',(-1.02659574468085,2.7,7.9));
#3567=CARTESIAN_POINT('',(-1.49867021276596,0.979255319148937,7.89));
#3568=CARTESIAN_POINT('',(-1.4468085106383,1.19335106382979,7.89));
#3569=CARTESIAN_POINT('',(-1.41755319148936,1.3156914893617,7.89));
#3570=CARTESIAN_POINT('',(-1.40824468085106,1.34893617021277,7.89));
#3571=CARTESIAN_POINT('',(-1.28206418229265,1.79958080792137,7.89));
#3572=CARTESIAN_POINT('',(-1.15381205673759,2.24964539007092,7.89));
#3573=CARTESIAN_POINT('',(-1.02659574468085,2.7,7.89));
#3574=CARTESIAN_POINT('',(-1.02659574468085,2.7,7.89));
#3575=CARTESIAN_POINT('',(-1.02659574468085,2.7,7.89));
#3576=CARTESIAN_POINT('',(-1.02659574468085,2.7,7.89));
#3577=CARTESIAN_POINT('',(-1.02659574468085,2.7,7.89));
#3578=CARTESIAN_POINT('',(-0.919769503546099,2.7,7.89));
#3579=CARTESIAN_POINT('',(-0.812943262411347,2.7,7.89));
#3580=CARTESIAN_POINT('',(-0.706117021276595,2.7,7.89));
#3581=CARTESIAN_POINT('',(-0.706117021276595,2.7,7.89));
#3582=CARTESIAN_POINT('',(-0.706117021276595,2.7,7.89));
#3583=CARTESIAN_POINT('',(-0.706117021276595,2.7,7.89000000000001));
#3584=CARTESIAN_POINT('',(-0.706117021276595,2.7,7.9));
#3585=CARTESIAN_POINT('',(-0.625926810986293,2.41483761667794,7.89000000000001));
#3586=CARTESIAN_POINT('',(-0.625926810986293,2.41483761667794,7.9));
#3587=CARTESIAN_POINT('',(-0.464807200976351,1.8568987179284,7.89000000000001));
#3588=CARTESIAN_POINT('',(-0.464807200976351,1.8568987179284,7.90000000000001));
#3589=CARTESIAN_POINT('',(-0.306644348683758,1.24941634760058,7.89000000000001));
#3590=CARTESIAN_POINT('',(-0.306644348683758,1.24941634760058,7.9));
#3591=CARTESIAN_POINT('',(-0.265957446808509,0.979255319148937,7.89000000000001));
#3592=CARTESIAN_POINT('',(-0.265957446808509,0.979255319148937,7.9));
#3593=CARTESIAN_POINT('',(-0.706117021276595,2.7,7.89));
#3594=CARTESIAN_POINT('',(-0.611258865248226,2.36267730496454,7.89));
#3595=CARTESIAN_POINT('',(-0.516400709219857,2.02535460992908,7.89));
#3596=CARTESIAN_POINT('',(-0.421542553191489,1.68803191489362,7.89));
#3597=CARTESIAN_POINT('',(-0.350880841656622,1.43675358555701,7.89));
#3598=CARTESIAN_POINT('',(-0.299202127659574,1.2,7.89));
#3599=CARTESIAN_POINT('',(-0.265957446808509,0.979255319148937,7.89));
#3600=CARTESIAN_POINT('',(-0.265957446808509,0.979255319148937,7.89));
#3601=CARTESIAN_POINT('',(-0.265957446808509,0.979255319148937,7.89));
#3602=CARTESIAN_POINT('',(-0.265957446808509,0.979255319148937,7.89));
#3603=CARTESIAN_POINT('',(-0.265957446808509,0.979255319148937,7.9));
#3604=CARTESIAN_POINT('',(-0.238276663712379,1.10447790934572,7.89));
#3605=CARTESIAN_POINT('',(-0.238276663712379,1.10447790934572,7.9));
#3606=CARTESIAN_POINT('',(-0.164224523641706,1.41798448114318,7.89));
#3607=CARTESIAN_POINT('',(-0.164224523641706,1.41798448114318,7.9));
#3608=CARTESIAN_POINT('',(-0.0295772968525056,1.97951736292944,7.89));
#3609=CARTESIAN_POINT('',(-0.0295772968525056,1.97951736292944,7.9));
#3610=CARTESIAN_POINT('',(0.0789900669420012,2.41339880566598,7.89));
#3611=CARTESIAN_POINT('',(0.0789900669420012,2.41339880566598,7.9));
#3612=CARTESIAN_POINT('',(0.148936170212766,2.7,7.89));
#3613=CARTESIAN_POINT('',(0.148936170212766,2.7,7.9));
#3614=CARTESIAN_POINT('',(-0.265957446808509,0.979255319148937,7.89));
#3615=CARTESIAN_POINT('',(-0.238031914893616,1.10558510638298,7.89));
#3616=CARTESIAN_POINT('',(-0.203457446808509,1.25053191489362,7.89));
#3617=CARTESIAN_POINT('',(-0.164893617021275,1.41409574468085,7.89));
#3618=CARTESIAN_POINT('',(-0.0636464592298496,1.84352334496863,7.89));
#3619=CARTESIAN_POINT('',(0.0443262411347523,2.27136524822695,7.89));
#3620=CARTESIAN_POINT('',(0.148936170212766,2.7,7.89));
#3621=CARTESIAN_POINT('',(0.148936170212766,2.7,7.89));
#3622=CARTESIAN_POINT('',(0.148936170212766,2.7,7.89));
#3623=CARTESIAN_POINT('',(0.148936170212766,2.7,7.89));
#3624=CARTESIAN_POINT('',(0.148936170212766,2.7,7.89));
#3625=CARTESIAN_POINT('',(0.23758865248227,2.7,7.89));
#3626=CARTESIAN_POINT('',(0.326241134751774,2.7,7.89));
#3627=CARTESIAN_POINT('',(0.414893617021277,2.7,7.89));
#3628=CARTESIAN_POINT('',(0.414893617021277,2.7,7.89));
#3629=CARTESIAN_POINT('',(0.414893617021277,2.7,7.89));
#3630=CARTESIAN_POINT('',(0.414893617021277,2.7,7.89));
#3631=CARTESIAN_POINT('',(0.414893617021277,2.7,7.89));
#3632=CARTESIAN_POINT('',(0.2322695035461,2.03333333333333,7.89));
#3633=CARTESIAN_POINT('',(0.0496453900709227,1.36666666666667,7.89));
#3634=CARTESIAN_POINT('',(-0.132978723404255,0.7,7.89));
#3635=CARTESIAN_POINT('',(-0.132978723404255,0.7,7.89));
#3636=CARTESIAN_POINT('',(-0.132978723404255,0.7,7.89));
#3637=CARTESIAN_POINT('',(-0.132978723404255,0.7,7.89));
#3638=CARTESIAN_POINT('',(-0.132978723404255,0.7,7.89));
#3639=CARTESIAN_POINT('',(-0.219858156028368,0.7,7.89));
#3640=CARTESIAN_POINT('',(-0.306737588652481,0.7,7.89));
#3641=CARTESIAN_POINT('',(-0.393617021276595,0.7,7.89));
#3642=CARTESIAN_POINT('',(-0.393617021276595,0.7,7.89));
#3643=CARTESIAN_POINT('',(-0.393617021276595,0.7,7.89));
#3644=CARTESIAN_POINT('',(-0.393617021276595,0.7,7.89));
#3645=CARTESIAN_POINT('',(-0.393617021276595,0.7,7.9));
#3646=CARTESIAN_POINT('',(-0.433624331320818,0.846608257574199,7.89));
#3647=CARTESIAN_POINT('',(-0.433624331320818,0.846608257574199,7.9));
#3648=CARTESIAN_POINT('',(-0.513558393178088,1.13952891823731,7.89));
#3649=CARTESIAN_POINT('',(-0.513558393178088,1.13952891823731,7.9));
#3650=CARTESIAN_POINT('',(-0.613878761655549,1.5071590164926,7.89000000000001));
#3651=CARTESIAN_POINT('',(-0.613878761655549,1.5071590164926,7.9));
#3652=CARTESIAN_POINT('',(-0.693289195010199,1.79815662300145,7.89));
#3653=CARTESIAN_POINT('',(-0.693289195010199,1.79815662300145,7.9));
#3654=CARTESIAN_POINT('',(-0.755142929614603,2.02483668071332,7.89000000000001));
#3655=CARTESIAN_POINT('',(-0.755142929614603,2.02483668071332,7.9));
#3656=CARTESIAN_POINT('',(-0.799387118751604,2.18692491607885,7.89));
#3657=CARTESIAN_POINT('',(-0.799387118751604,2.18692491607885,7.9));
#3658=CARTESIAN_POINT('',(-0.857890099546522,2.40140929025806,7.89000000000001));
#3659=CARTESIAN_POINT('',(-0.857890099546522,2.40140929025806,7.9));
#3660=CARTESIAN_POINT('',(-0.869921555304235,2.44556343327865,7.89));
#3661=CARTESIAN_POINT('',(-0.869921555304235,2.44556343327865,7.9));
#3662=CARTESIAN_POINT('',(-0.873670212765957,2.4593085106383,7.89));
#3663=CARTESIAN_POINT('',(-0.873670212765957,2.4593085106383,7.9));
#3664=CARTESIAN_POINT('',(-0.393617021276595,0.7,7.89));
#3665=CARTESIAN_POINT('',(-0.532358156028368,1.2084219858156,7.89));
#3666=CARTESIAN_POINT('',(-0.671099290780141,1.71684397163121,7.89));
#3667=CARTESIAN_POINT('',(-0.809840425531914,2.22526595744681,7.89));
#3668=CARTESIAN_POINT('',(-0.844321019675648,2.35162136154541,7.89));
#3669=CARTESIAN_POINT('',(-0.865691489361701,2.43005319148936,7.89));
#3670=CARTESIAN_POINT('',(-0.873670212765957,2.4593085106383,7.89));
#3671=CARTESIAN_POINT('',(-0.873670212765957,2.4593085106383,7.89));
#3672=CARTESIAN_POINT('',(-0.873670212765957,2.4593085106383,7.89));
#3673=CARTESIAN_POINT('',(-0.873670212765957,2.4593085106383,7.89));
#3674=CARTESIAN_POINT('',(-0.873670212765957,2.4593085106383,7.9));
#3675=CARTESIAN_POINT('',(-0.89489731563156,2.3719027929564,7.89));
#3676=CARTESIAN_POINT('',(-0.89489731563156,2.3719027929564,7.9));
#3677=CARTESIAN_POINT('',(-0.928547436843481,2.23969307632573,7.89000000000001));
#3678=CARTESIAN_POINT('',(-0.928547436843481,2.23969307632573,7.9));
#3679=CARTESIAN_POINT('',(-1.01000183331632,1.94399176477855,7.89000000000001));
#3680=CARTESIAN_POINT('',(-1.01000183331632,1.94399176477855,7.9));
#3681=CARTESIAN_POINT('',(-1.15114634622351,1.43269614608631,7.89));
#3682=CARTESIAN_POINT('',(-1.15114634622351,1.43269614608631,7.9));
#3683=CARTESIAN_POINT('',(-1.27508118452531,0.992993258336509,7.89));
#3684=CARTESIAN_POINT('',(-1.27508118452531,0.992993258336509,7.9));
#3685=CARTESIAN_POINT('',(-1.3563829787234,0.7,7.89));
#3686=CARTESIAN_POINT('',(-1.3563829787234,0.7,7.9));
#3687=CARTESIAN_POINT('',(-0.873670212765957,2.4593085106383,7.89));
#3688=CARTESIAN_POINT('',(-0.89627659574468,2.36622340425532,7.89));
#3689=CARTESIAN_POINT('',(-0.916223404255318,2.28776595744681,7.89));
#3690=CARTESIAN_POINT('',(-0.933510638297871,2.22393617021277,7.89));
#3691=CARTESIAN_POINT('',(-1.0713191833504,1.7151046192496,7.89));
#3692=CARTESIAN_POINT('',(-1.21542553191489,1.20797872340426,7.89));
#3693=CARTESIAN_POINT('',(-1.3563829787234,0.7,7.89));
#3694=CARTESIAN_POINT('',(-1.68600566971321,1.84063968610897,7.89));
#3695=CARTESIAN_POINT('',(2.15824468085106,0.7,7.89));
#3696=CARTESIAN_POINT('',(2.15824468085106,0.7,7.89));
#3697=CARTESIAN_POINT('',(2.15824468085106,0.7,7.89));
#3698=CARTESIAN_POINT('',(2.15824468085106,0.7,7.89));
#3699=CARTESIAN_POINT('',(0.670212765957447,0.7,7.89));
#3700=CARTESIAN_POINT('',(0.670212765957447,0.7,7.89));
#3701=CARTESIAN_POINT('',(0.670212765957447,0.7,7.89));
#3702=CARTESIAN_POINT('',(0.670212765957447,0.7,7.89));
#3703=CARTESIAN_POINT('',(0.670212765957447,0.7,7.89));
#3704=CARTESIAN_POINT('',(0.670212765957447,2.7,7.89));
#3705=CARTESIAN_POINT('',(0.670212765957447,2.7,7.89));
#3706=CARTESIAN_POINT('',(0.670212765957447,2.7,7.89));
#3707=CARTESIAN_POINT('',(0.670212765957447,2.7,7.89));
#3708=CARTESIAN_POINT('',(0.670212765957447,2.7,7.89));
#3709=CARTESIAN_POINT('',(2.11170212765958,2.7,7.89));
#3710=CARTESIAN_POINT('',(2.11170212765958,2.7,7.89));
#3711=CARTESIAN_POINT('',(2.11170212765958,2.7,7.89));
#3712=CARTESIAN_POINT('',(2.11170212765958,2.7,7.89));
#3713=CARTESIAN_POINT('',(2.11170212765958,2.7,7.89));
#3714=CARTESIAN_POINT('',(2.11170212765958,2.46329787234043,7.89));
#3715=CARTESIAN_POINT('',(2.11170212765958,2.46329787234043,7.89));
#3716=CARTESIAN_POINT('',(2.11170212765958,2.46329787234043,7.89));
#3717=CARTESIAN_POINT('',(2.11170212765958,2.46329787234043,7.89));
#3718=CARTESIAN_POINT('',(2.11170212765958,2.46329787234043,7.89));
#3719=CARTESIAN_POINT('',(0.936170212765959,2.46329787234043,7.89));
#3720=CARTESIAN_POINT('',(0.936170212765959,2.46329787234043,7.89));
#3721=CARTESIAN_POINT('',(0.936170212765959,2.46329787234043,7.89));
#3722=CARTESIAN_POINT('',(0.936170212765959,2.46329787234043,7.89));
#3723=CARTESIAN_POINT('',(0.936170212765959,2.46329787234043,7.89));
#3724=CARTESIAN_POINT('',(0.936170212765959,1.85292553191489,7.89));
#3725=CARTESIAN_POINT('',(0.936170212765959,1.85292553191489,7.89));
#3726=CARTESIAN_POINT('',(0.936170212765959,1.85292553191489,7.89));
#3727=CARTESIAN_POINT('',(0.936170212765959,1.85292553191489,7.89));
#3728=CARTESIAN_POINT('',(0.936170212765959,1.85292553191489,7.89));
#3729=CARTESIAN_POINT('',(2.03723404255319,1.85292553191489,7.89));
#3730=CARTESIAN_POINT('',(2.03723404255319,1.85292553191489,7.89));
#3731=CARTESIAN_POINT('',(2.03723404255319,1.85292553191489,7.89));
#3732=CARTESIAN_POINT('',(2.03723404255319,1.85292553191489,7.89));
#3733=CARTESIAN_POINT('',(2.03723404255319,1.85292553191489,7.89));
#3734=CARTESIAN_POINT('',(2.03723404255319,1.61622340425532,7.89));
#3735=CARTESIAN_POINT('',(2.03723404255319,1.61622340425532,7.89));
#3736=CARTESIAN_POINT('',(2.03723404255319,1.61622340425532,7.89));
#3737=CARTESIAN_POINT('',(2.03723404255319,1.61622340425532,7.89));
#3738=CARTESIAN_POINT('',(2.03723404255319,1.61622340425532,7.89));
#3739=CARTESIAN_POINT('',(0.936170212765959,1.61622340425532,7.89));
#3740=CARTESIAN_POINT('',(0.936170212765959,1.61622340425532,7.89));
#3741=CARTESIAN_POINT('',(0.936170212765959,1.61622340425532,7.89));
#3742=CARTESIAN_POINT('',(0.936170212765959,1.61622340425532,7.89));
#3743=CARTESIAN_POINT('',(0.936170212765959,1.61622340425532,7.89));
#3744=CARTESIAN_POINT('',(0.936170212765959,0.936702127659575,7.89));
#3745=CARTESIAN_POINT('',(0.936170212765959,0.936702127659575,7.89));
#3746=CARTESIAN_POINT('',(0.936170212765959,0.936702127659575,7.89));
#3747=CARTESIAN_POINT('',(0.936170212765959,0.936702127659575,7.89));
#3748=CARTESIAN_POINT('',(0.936170212765959,0.936702127659575,7.89));
#3749=CARTESIAN_POINT('',(2.15824468085106,0.936702127659575,7.89));
#3750=CARTESIAN_POINT('',(2.15824468085106,0.936702127659575,7.89));
#3751=CARTESIAN_POINT('',(2.15824468085106,0.936702127659575,7.89));
#3752=CARTESIAN_POINT('',(2.15824468085106,0.936702127659575,7.89));
#3753=CARTESIAN_POINT('',(2.15824468085106,0.936702127659575,7.89));
#3754=CARTESIAN_POINT('',(2.15824468085106,0.7,7.89));
#3755=CARTESIAN_POINT('',(1.41422872340426,0.7,7.89));
#3756=CARTESIAN_POINT('',(-2.45279560036664,-2.57,7.89));
#3757=CARTESIAN_POINT('',(-2.45279560036664,-2.57,7.89));
#3758=CARTESIAN_POINT('',(-2.45279560036664,-2.57,7.89));
#3759=CARTESIAN_POINT('',(-2.45279560036664,-2.57,7.89));
#3760=CARTESIAN_POINT('',(-2.58967308279866,-2.57,7.89));
#3761=CARTESIAN_POINT('',(-2.72655056523067,-2.57,7.89));
#3762=CARTESIAN_POINT('',(-2.86342804766269,-2.57,7.89));
#3763=CARTESIAN_POINT('',(-2.86342804766269,-2.57,7.89));
#3764=CARTESIAN_POINT('',(-2.86342804766269,-2.57,7.89));
#3765=CARTESIAN_POINT('',(-2.86342804766269,-2.57,7.89));
#3766=CARTESIAN_POINT('',(-2.86342804766269,-2.57,7.89));
#3767=CARTESIAN_POINT('',(-2.61961503208066,-2.22413993278338,7.89));
#3768=CARTESIAN_POINT('',(-2.37580201649862,-1.87827986556676,7.89));
#3769=CARTESIAN_POINT('',(-2.13198900091659,-1.53241979835014,7.89));
#3770=CARTESIAN_POINT('',(-2.13198900091659,-1.53241979835014,7.89));
#3771=CARTESIAN_POINT('',(-2.13198900091659,-1.53241979835014,7.89));
#3772=CARTESIAN_POINT('',(-2.13198900091659,-1.53241979835014,7.89));
#3773=CARTESIAN_POINT('',(-2.13198900091659,-1.53241979835014,7.89));
#3774=CARTESIAN_POINT('',(-2.35808127100519,-1.21161319890009,7.89));
#3775=CARTESIAN_POINT('',(-2.5841735410938,-0.890806599450046,7.89));
#3776=CARTESIAN_POINT('',(-2.8102658111824,-0.57,7.89));
#3777=CARTESIAN_POINT('',(-2.8102658111824,-0.57,7.89));
#3778=CARTESIAN_POINT('',(-2.8102658111824,-0.57,7.89));
#3779=CARTESIAN_POINT('',(-2.8102658111824,-0.57,7.89));
#3780=CARTESIAN_POINT('',(-2.8102658111824,-0.57,7.89));
#3781=CARTESIAN_POINT('',(-2.6715551481821,-0.57,7.89));
#3782=CARTESIAN_POINT('',(-2.53284448518179,-0.57,7.89));
#3783=CARTESIAN_POINT('',(-2.39413382218148,-0.57,7.89));
#3784=CARTESIAN_POINT('',(-2.39413382218148,-0.57,7.89));
#3785=CARTESIAN_POINT('',(-2.39413382218148,-0.57,7.89));
#3786=CARTESIAN_POINT('',(-2.39413382218148,-0.57,7.89));
#3787=CARTESIAN_POINT('',(-2.39413382218148,-0.57,7.9));
#3788=CARTESIAN_POINT('',(-2.31681552806107,-0.684200009131877,7.89));
#3789=CARTESIAN_POINT('',(-2.31681552806107,-0.684200009131877,7.9));
#3790=CARTESIAN_POINT('',(-2.20493141393541,-0.851454341980197,7.89000000000001));
#3791=CARTESIAN_POINT('',(-2.20493141393541,-0.851454341980197,7.9));
#3792=CARTESIAN_POINT('',(-2.03937928688134,-1.09064284250927,7.89));
#3793=CARTESIAN_POINT('',(-2.03937928688134,-1.09064284250927,7.9));
#3794=CARTESIAN_POINT('',(-1.96590929909765,-1.21416817139743,7.89));
#3795=CARTESIAN_POINT('',(-1.96590929909765,-1.21416817139743,7.9));
#3796=CARTESIAN_POINT('',(-1.93950504124656,-1.26110907424381,7.89));
#3797=CARTESIAN_POINT('',(-1.93950504124656,-1.26110907424381,7.9));
#3798=CARTESIAN_POINT('',(-2.39413382218148,-0.57,7.89));
#3799=CARTESIAN_POINT('',(-2.2878093492209,-0.727042468683165,7.89));
#3800=CARTESIAN_POINT('',(-2.18148487626031,-0.884084937366331,7.89));
#3801=CARTESIAN_POINT('',(-2.07516040329972,-1.0411274060495,7.89));
#3802=CARTESIAN_POINT('',(-2.01644876336436,-1.12784517308046,7.89));
#3803=CARTESIAN_POINT('',(-1.97250229147571,-1.20244729605866,7.89));
#3804=CARTESIAN_POINT('',(-1.93950504124656,-1.26110907424381,7.89));
#3805=CARTESIAN_POINT('',(-1.93950504124656,-1.26110907424381,7.89));
#3806=CARTESIAN_POINT('',(-1.93950504124656,-1.26110907424381,7.89));
#3807=CARTESIAN_POINT('',(-1.93950504124656,-1.26110907424381,7.89));
#3808=CARTESIAN_POINT('',(-1.93950504124656,-1.26110907424381,7.9));
#3809=CARTESIAN_POINT('',(-1.84914134280556,-1.13285092161787,7.89));
#3810=CARTESIAN_POINT('',(-1.84914134280556,-1.13285092161787,7.9));
#3811=CARTESIAN_POINT('',(-1.70583198872605,-0.918296691704716,7.89));
#3812=CARTESIAN_POINT('',(-1.70583198872605,-0.918296691704716,7.9));
#3813=CARTESIAN_POINT('',(-1.53343614864738,-0.684982195353777,7.89));
#3814=CARTESIAN_POINT('',(-1.53343614864738,-0.684982195353777,7.9));
#3815=CARTESIAN_POINT('',(-1.45187901008249,-0.57,7.89));
#3816=CARTESIAN_POINT('',(-1.45187901008249,-0.57,7.9));
#3817=CARTESIAN_POINT('',(-1.93950504124656,-1.26110907424381,7.89));
#3818=CARTESIAN_POINT('',(-1.8826764436297,-1.18044912923923,7.89));
#3819=CARTESIAN_POINT('',(-1.83134738771769,-1.10895508707608,7.89));
#3820=CARTESIAN_POINT('',(-1.78735105407883,-1.04296058661778,7.89));
#3821=CARTESIAN_POINT('',(-1.68018049777903,-0.882204752168088,7.89));
#3822=CARTESIAN_POINT('',(-1.56370302474794,-0.727653528872594,7.89));
#3823=CARTESIAN_POINT('',(-1.45187901008249,-0.57,7.89));
#3824=CARTESIAN_POINT('',(-1.45187901008249,-0.57,7.89));
#3825=CARTESIAN_POINT('',(-1.45187901008249,-0.57,7.89));
#3826=CARTESIAN_POINT('',(-1.45187901008249,-0.57,7.89));
#3827=CARTESIAN_POINT('',(-1.45187901008249,-0.57,7.89));
#3828=CARTESIAN_POINT('',(-1.31500152765047,-0.57,7.89));
#3829=CARTESIAN_POINT('',(-1.17812404521845,-0.57,7.89));
#3830=CARTESIAN_POINT('',(-1.04124656278643,-0.57,7.89));
#3831=CARTESIAN_POINT('',(-1.04124656278643,-0.57,7.89));
#3832=CARTESIAN_POINT('',(-1.04124656278643,-0.57,7.89));
#3833=CARTESIAN_POINT('',(-1.04124656278643,-0.57,7.89));
#3834=CARTESIAN_POINT('',(-1.04124656278643,-0.57,7.89));
#3835=CARTESIAN_POINT('',(-1.26733883287504,-0.890195539260617,7.89));
#3836=CARTESIAN_POINT('',(-1.49343110296364,-1.21039107852123,7.89));
#3837=CARTESIAN_POINT('',(-1.71952337305224,-1.53058661778185,7.89));
#3838=CARTESIAN_POINT('',(-1.71952337305224,-1.53058661778185,7.89));
#3839=CARTESIAN_POINT('',(-1.71952337305224,-1.53058661778185,7.89));
#3840=CARTESIAN_POINT('',(-1.71952337305224,-1.53058661778185,7.89));
#3841=CARTESIAN_POINT('',(-1.71952337305224,-1.53058661778185,7.89));
#3842=CARTESIAN_POINT('',(-1.47693247784907,-1.8770577451879,7.89));
#3843=CARTESIAN_POINT('',(-1.23434158264589,-2.22352887259395,7.89));
#3844=CARTESIAN_POINT('',(-0.991750687442712,-2.57,7.89));
#3845=CARTESIAN_POINT('',(-0.991750687442712,-2.57,7.89));
#3846=CARTESIAN_POINT('',(-0.991750687442712,-2.57,7.89));
#3847=CARTESIAN_POINT('',(-0.991750687442712,-2.57,7.89));
#3848=CARTESIAN_POINT('',(-0.991750687442712,-2.57,7.89));
#3849=CARTESIAN_POINT('',(-1.1280171096853,-2.57,7.89));
#3850=CARTESIAN_POINT('',(-1.26428353192789,-2.57,7.89));
#3851=CARTESIAN_POINT('',(-1.40054995417049,-2.57,7.89));
#3852=CARTESIAN_POINT('',(-1.40054995417049,-2.57,7.89));
#3853=CARTESIAN_POINT('',(-1.40054995417049,-2.57,7.89));
#3854=CARTESIAN_POINT('',(-1.40054995417049,-2.57,7.89));
#3855=CARTESIAN_POINT('',(-1.40054995417049,-2.57,7.9));
#3856=CARTESIAN_POINT('',(-1.57334331301058,-2.31384142417565,7.89));
#3857=CARTESIAN_POINT('',(-1.57334331301058,-2.31384142417565,7.9));
#3858=CARTESIAN_POINT('',(-1.74980516492083,-2.06005663295714,7.89));
#3859=CARTESIAN_POINT('',(-1.74980516492083,-2.06005663295714,7.9));
#3860=CARTESIAN_POINT('',(-1.91384051329056,-1.7982309807516,7.89));
#3861=CARTESIAN_POINT('',(-1.91384051329056,-1.7982309807516,7.9));
#3862=CARTESIAN_POINT('',(-1.40054995417049,-2.57,7.89));
#3863=CARTESIAN_POINT('',(-1.53987167736022,-2.36346165597311,7.89));
#3864=CARTESIAN_POINT('',(-1.67919340054995,-2.15692331194623,7.89));
#3865=CARTESIAN_POINT('',(-1.81851512373969,-1.95038496791934,7.89));
#3866=CARTESIAN_POINT('',(-1.8519651440281,-1.90079677994792,7.89));
#3867=CARTESIAN_POINT('',(-1.88206538344027,-1.84894897647418,7.89));
#3868=CARTESIAN_POINT('',(-1.91384051329056,-1.7982309807516,7.89));
#3869=CARTESIAN_POINT('',(-1.91384051329056,-1.7982309807516,7.89));
#3870=CARTESIAN_POINT('',(-1.91384051329056,-1.7982309807516,7.89));
#3871=CARTESIAN_POINT('',(-1.91384051329056,-1.7982309807516,7.89));
#3872=CARTESIAN_POINT('',(-1.91384051329056,-1.7982309807516,7.89));
#3873=CARTESIAN_POINT('',(-2.09349220898258,-2.05548732050107,7.89));
#3874=CARTESIAN_POINT('',(-2.27314390467461,-2.31274366025053,7.89));
#3875=CARTESIAN_POINT('',(-2.45279560036664,-2.57,7.89));
#3876=CARTESIAN_POINT('',(-2.16217893982024,-0.912600027395632,7.89));
#3877=CARTESIAN_POINT('',(-0.526122823098075,-2.57,7.89));
#3878=CARTESIAN_POINT('',(-0.526122823098075,-2.57,7.89));
#3879=CARTESIAN_POINT('',(-0.526122823098075,-2.57,7.89));
#3880=CARTESIAN_POINT('',(-0.526122823098075,-2.57,7.89));
#3881=CARTESIAN_POINT('',(-0.663000305530094,-2.57,7.89));
#3882=CARTESIAN_POINT('',(-0.799877787962114,-2.57,7.89));
#3883=CARTESIAN_POINT('',(-0.936755270394133,-2.57,7.89));
#3884=CARTESIAN_POINT('',(-0.936755270394133,-2.57,7.89));
#3885=CARTESIAN_POINT('',(-0.936755270394133,-2.57,7.89));
#3886=CARTESIAN_POINT('',(-0.936755270394133,-2.57,7.89));
#3887=CARTESIAN_POINT('',(-0.936755270394133,-2.57,7.89));
#3888=CARTESIAN_POINT('',(-0.69233119462267,-2.22413993278338,7.89));
#3889=CARTESIAN_POINT('',(-0.447907118851206,-1.87827986556676,7.89));
#3890=CARTESIAN_POINT('',(-0.203483043079742,-1.53241979835014,7.89));
#3891=CARTESIAN_POINT('',(-0.203483043079742,-1.53241979835014,7.89));
#3892=CARTESIAN_POINT('',(-0.203483043079742,-1.53241979835014,7.89));
#3893=CARTESIAN_POINT('',(-0.203483043079742,-1.53241979835014,7.89));
#3894=CARTESIAN_POINT('',(-0.203483043079742,-1.53241979835014,7.89));
#3895=CARTESIAN_POINT('',(-0.429575313168346,-1.21161319890009,7.89));
#3896=CARTESIAN_POINT('',(-0.65566758325695,-0.890806599450046,7.89));
#3897=CARTESIAN_POINT('',(-0.881759853345554,-0.57,7.89));
#3898=CARTESIAN_POINT('',(-0.881759853345554,-0.57,7.89));
#3899=CARTESIAN_POINT('',(-0.881759853345554,-0.57,7.89));
#3900=CARTESIAN_POINT('',(-0.881759853345554,-0.57,7.89));
#3901=CARTESIAN_POINT('',(-0.881759853345554,-0.57,7.89));
#3902=CARTESIAN_POINT('',(-0.743049190345248,-0.57,7.89));
#3903=CARTESIAN_POINT('',(-0.604338527344943,-0.57,7.89));
#3904=CARTESIAN_POINT('',(-0.465627864344638,-0.57,7.89));
#3905=CARTESIAN_POINT('',(-0.465627864344638,-0.57,7.89));
#3906=CARTESIAN_POINT('',(-0.465627864344638,-0.57,7.89));
#3907=CARTESIAN_POINT('',(-0.465627864344638,-0.57,7.89));
#3908=CARTESIAN_POINT('',(-0.465627864344638,-0.57,7.9));
#3909=CARTESIAN_POINT('',(-0.388707583541403,-0.684268856453361,7.89));
#3910=CARTESIAN_POINT('',(-0.388707583541403,-0.684268856453361,7.9));
#3911=CARTESIAN_POINT('',(-0.277389391306402,-0.851170515789217,7.89));
#3912=CARTESIAN_POINT('',(-0.277389391306402,-0.851170515789217,7.9));
#3913=CARTESIAN_POINT('',(-0.112716219113658,-1.0917125629471,7.89000000000001));
#3914=CARTESIAN_POINT('',(-0.112716219113658,-1.0917125629471,7.9));
#3915=CARTESIAN_POINT('',(-0.0377365960161188,-1.21423033158383,7.89));
#3916=CARTESIAN_POINT('',(-0.0377365960161188,-1.21423033158383,7.9));
#3917=CARTESIAN_POINT('',(-0.0128322639780013,-1.26110907424381,7.89));
#3918=CARTESIAN_POINT('',(-0.0128322639780013,-1.26110907424381,7.9));
#3919=CARTESIAN_POINT('',(-0.465627864344638,-0.57,7.89));
#3920=CARTESIAN_POINT('',(-0.35991445157348,-0.727042468683165,7.89));
#3921=CARTESIAN_POINT('',(-0.254201038802322,-0.884084937366331,7.89));
#3922=CARTESIAN_POINT('',(-0.148487626031164,-1.0411274060495,7.89));
#3923=CARTESIAN_POINT('',(-0.0894331516814338,-1.12885572921644,7.89));
#3924=CARTESIAN_POINT('',(-0.0439963336388628,-1.20244729605866,7.89));
#3925=CARTESIAN_POINT('',(-0.0128322639780013,-1.26110907424381,7.89));
#3926=CARTESIAN_POINT('',(-0.0128322639780013,-1.26110907424381,7.89));
#3927=CARTESIAN_POINT('',(-0.0128322639780013,-1.26110907424381,7.89));
#3928=CARTESIAN_POINT('',(-0.0128322639780013,-1.26110907424381,7.89));
#3929=CARTESIAN_POINT('',(-0.0128322639780013,-1.26110907424381,7.9));
#3930=CARTESIAN_POINT('',(0.0771729383609287,-1.13335975479501,7.89));
#3931=CARTESIAN_POINT('',(0.0771729383609287,-1.13335975479501,7.9));
#3932=CARTESIAN_POINT('',(0.225666875457758,-0.921179849463554,7.89));
#3933=CARTESIAN_POINT('',(0.225666875457758,-0.921179849463554,7.9));
#3934=CARTESIAN_POINT('',(0.393533841640671,-0.685192641707212,7.89));
#3935=CARTESIAN_POINT('',(0.393533841640671,-0.685192641707212,7.9));
#3936=CARTESIAN_POINT('',(0.474793767186069,-0.57,7.89));
#3937=CARTESIAN_POINT('',(0.474793767186069,-0.57,7.9));
#3938=CARTESIAN_POINT('',(-0.0128322639780013,-1.26110907424381,7.89));
#3939=CARTESIAN_POINT('',(0.0439963336388636,-1.18044912923923,7.89));
#3940=CARTESIAN_POINT('',(0.0953253895508714,-1.10895508707608,7.89));
#3941=CARTESIAN_POINT('',(0.14115490375802,-1.04296058661778,7.89));
#3942=CARTESIAN_POINT('',(0.251199813978136,-0.884495915900813,7.89));
#3943=CARTESIAN_POINT('',(0.363580812710053,-0.727653528872594,7.89));
#3944=CARTESIAN_POINT('',(0.474793767186069,-0.57,7.89));
#3945=CARTESIAN_POINT('',(0.474793767186069,-0.57,7.89));
#3946=CARTESIAN_POINT('',(0.474793767186069,-0.57,7.89));
#3947=CARTESIAN_POINT('',(0.474793767186069,-0.57,7.89));
#3948=CARTESIAN_POINT('',(0.474793767186069,-0.57,7.89));
#3949=CARTESIAN_POINT('',(0.612282309807517,-0.57,7.89));
#3950=CARTESIAN_POINT('',(0.749770852428965,-0.57,7.89));
#3951=CARTESIAN_POINT('',(0.887259395050413,-0.57,7.89));
#3952=CARTESIAN_POINT('',(0.887259395050413,-0.57,7.89));
#3953=CARTESIAN_POINT('',(0.887259395050413,-0.57,7.89));
#3954=CARTESIAN_POINT('',(0.887259395050413,-0.57,7.89));
#3955=CARTESIAN_POINT('',(0.887259395050413,-0.57,7.89));
#3956=CARTESIAN_POINT('',(0.660556064772381,-0.890195539260617,7.89));
#3957=CARTESIAN_POINT('',(0.433852734494349,-1.21039107852123,7.89));
#3958=CARTESIAN_POINT('',(0.207149404216316,-1.53058661778185,7.89));
#3959=CARTESIAN_POINT('',(0.207149404216316,-1.53058661778185,7.89));
#3960=CARTESIAN_POINT('',(0.207149404216316,-1.53058661778185,7.89));
#3961=CARTESIAN_POINT('',(0.207149404216316,-1.53058661778185,7.89));
#3962=CARTESIAN_POINT('',(0.207149404216316,-1.53058661778185,7.89));
#3963=CARTESIAN_POINT('',(0.450351359608922,-1.8770577451879,7.89));
#3964=CARTESIAN_POINT('',(0.693553315001529,-2.22352887259395,7.89));
#3965=CARTESIAN_POINT('',(0.936755270394135,-2.57,7.89));
#3966=CARTESIAN_POINT('',(0.936755270394135,-2.57,7.89));
#3967=CARTESIAN_POINT('',(0.936755270394135,-2.57,7.89));
#3968=CARTESIAN_POINT('',(0.936755270394135,-2.57,7.89));
#3969=CARTESIAN_POINT('',(0.936755270394135,-2.57,7.89));
#3970=CARTESIAN_POINT('',(0.799877787962115,-2.57,7.89));
#3971=CARTESIAN_POINT('',(0.663000305530096,-2.57,7.89));
#3972=CARTESIAN_POINT('',(0.526122823098076,-2.57,7.89));
#3973=CARTESIAN_POINT('',(0.526122823098076,-2.57,7.89));
#3974=CARTESIAN_POINT('',(0.526122823098076,-2.57,7.89));
#3975=CARTESIAN_POINT('',(0.526122823098076,-2.57,7.89));
#3976=CARTESIAN_POINT('',(0.526122823098076,-2.57,7.9));
#3977=CARTESIAN_POINT('',(0.35332946425798,-2.31384142417565,7.89));
#3978=CARTESIAN_POINT('',(0.35332946425798,-2.31384142417565,7.9));
#3979=CARTESIAN_POINT('',(0.176867612347734,-2.06005663295714,7.89));
#3980=CARTESIAN_POINT('',(0.176867612347734,-2.06005663295714,7.9));
#3981=CARTESIAN_POINT('',(0.012832263978003,-1.7982309807516,7.89));
#3982=CARTESIAN_POINT('',(0.012832263978003,-1.7982309807516,7.9));
#3983=CARTESIAN_POINT('',(0.526122823098076,-2.57,7.89));
#3984=CARTESIAN_POINT('',(0.386801099908342,-2.36346165597311,7.89));
#3985=CARTESIAN_POINT('',(0.247479376718607,-2.15692331194623,7.89));
#3986=CARTESIAN_POINT('',(0.108157653528873,-1.95038496791934,7.89));
#3987=CARTESIAN_POINT('',(0.0747076332404603,-1.90079677994792,7.89));
#3988=CARTESIAN_POINT('',(0.0446073938282932,-1.84894897647418,7.89));
#3989=CARTESIAN_POINT('',(0.012832263978003,-1.7982309807516,7.89));
#3990=CARTESIAN_POINT('',(0.012832263978003,-1.7982309807516,7.89));
#3991=CARTESIAN_POINT('',(0.012832263978003,-1.7982309807516,7.89));
#3992=CARTESIAN_POINT('',(0.012832263978003,-1.7982309807516,7.89));
#3993=CARTESIAN_POINT('',(0.012832263978003,-1.7982309807516,7.89));
#3994=CARTESIAN_POINT('',(-0.166819431714023,-2.05548732050107,7.89));
#3995=CARTESIAN_POINT('',(-0.346471127406049,-2.31274366025053,7.89));
#3996=CARTESIAN_POINT('',(-0.526122823098075,-2.57,7.89));
#3997=CARTESIAN_POINT('',(-0.234867021934933,-0.912806569360082,7.89));
#3998=CARTESIAN_POINT('',(1.40238313473877,-2.57,7.89));
#3999=CARTESIAN_POINT('',(1.40238313473877,-2.57,7.89));
#4000=CARTESIAN_POINT('',(1.40238313473877,-2.57,7.89));
#4001=CARTESIAN_POINT('',(1.40238313473877,-2.57,7.89));
#4002=CARTESIAN_POINT('',(1.26550565230675,-2.57,7.89));
#4003=CARTESIAN_POINT('',(1.12862816987473,-2.57,7.89));
#4004=CARTESIAN_POINT('',(0.991750687442714,-2.57,7.89));
#4005=CARTESIAN_POINT('',(0.991750687442714,-2.57,7.89));
#4006=CARTESIAN_POINT('',(0.991750687442714,-2.57,7.89));
#4007=CARTESIAN_POINT('',(0.991750687442714,-2.57,7.89));
#4008=CARTESIAN_POINT('',(0.991750687442714,-2.57,7.89));
#4009=CARTESIAN_POINT('',(1.23556370302475,-2.22413993278338,7.89));
#4010=CARTESIAN_POINT('',(1.47937671860678,-1.87827986556676,7.89));
#4011=CARTESIAN_POINT('',(1.72318973418882,-1.53241979835014,7.89));
#4012=CARTESIAN_POINT('',(1.72318973418882,-1.53241979835014,7.89));
#4013=CARTESIAN_POINT('',(1.72318973418882,-1.53241979835014,7.89));
#4014=CARTESIAN_POINT('',(1.72318973418882,-1.53241979835014,7.89));
#4015=CARTESIAN_POINT('',(1.72318973418882,-1.53241979835014,7.89));
#4016=CARTESIAN_POINT('',(1.49709746410022,-1.21161319890009,7.89));
#4017=CARTESIAN_POINT('',(1.27100519401161,-0.890806599450046,7.89));
#4018=CARTESIAN_POINT('',(1.04491292392301,-0.57,7.89));
#4019=CARTESIAN_POINT('',(1.04491292392301,-0.57,7.89));
#4020=CARTESIAN_POINT('',(1.04491292392301,-0.57,7.89));
#4021=CARTESIAN_POINT('',(1.04491292392301,-0.57,7.89));
#4022=CARTESIAN_POINT('',(1.04491292392301,-0.57,7.89));
#4023=CARTESIAN_POINT('',(1.18362358692331,-0.57,7.89));
#4024=CARTESIAN_POINT('',(1.32233424992362,-0.57,7.89));
#4025=CARTESIAN_POINT('',(1.46104491292392,-0.57,7.89));
#4026=CARTESIAN_POINT('',(1.46104491292392,-0.57,7.89));
#4027=CARTESIAN_POINT('',(1.46104491292392,-0.57,7.89));
#4028=CARTESIAN_POINT('',(1.46104491292392,-0.57,7.89));
#4029=CARTESIAN_POINT('',(1.46104491292392,-0.57,7.9));
#4030=CARTESIAN_POINT('',(1.53836320704434,-0.684200009131877,7.89));
#4031=CARTESIAN_POINT('',(1.53836320704434,-0.684200009131877,7.9));
#4032=CARTESIAN_POINT('',(1.65024732116999,-0.851454341980198,7.89));
#4033=CARTESIAN_POINT('',(1.65024732116999,-0.851454341980198,7.9));
#4034=CARTESIAN_POINT('',(1.81579944822406,-1.09064284250927,7.89));
#4035=CARTESIAN_POINT('',(1.81579944822406,-1.09064284250927,7.9));
#4036=CARTESIAN_POINT('',(1.88926943600776,-1.21416817139743,7.89));
#4037=CARTESIAN_POINT('',(1.88926943600776,-1.21416817139743,7.9));
#4038=CARTESIAN_POINT('',(1.91567369385885,-1.26110907424381,7.89));
#4039=CARTESIAN_POINT('',(1.91567369385885,-1.26110907424381,7.9));
#4040=CARTESIAN_POINT('',(1.46104491292392,-0.57,7.89));
#4041=CARTESIAN_POINT('',(1.56736938588451,-0.727042468683165,7.89));
#4042=CARTESIAN_POINT('',(1.6736938588451,-0.884084937366331,7.89));
#4043=CARTESIAN_POINT('',(1.78001833180568,-1.0411274060495,7.89));
#4044=CARTESIAN_POINT('',(1.83872997174104,-1.12784517308046,7.89));
#4045=CARTESIAN_POINT('',(1.8826764436297,-1.20244729605866,7.89));
#4046=CARTESIAN_POINT('',(1.91567369385885,-1.26110907424381,7.89));
#4047=CARTESIAN_POINT('',(1.91567369385885,-1.26110907424381,7.89));
#4048=CARTESIAN_POINT('',(1.91567369385885,-1.26110907424381,7.89));
#4049=CARTESIAN_POINT('',(1.91567369385885,-1.26110907424381,7.89));
#4050=CARTESIAN_POINT('',(1.91567369385885,-1.26110907424381,7.9));
#4051=CARTESIAN_POINT('',(2.00603739229985,-1.13285092161787,7.89));
#4052=CARTESIAN_POINT('',(2.00603739229985,-1.13285092161787,7.9));
#4053=CARTESIAN_POINT('',(2.14934674637936,-0.918296691704712,7.89000000000001));
#4054=CARTESIAN_POINT('',(2.14934674637936,-0.918296691704712,7.9));
#4055=CARTESIAN_POINT('',(2.32174258645803,-0.684982195353778,7.89));
#4056=CARTESIAN_POINT('',(2.32174258645803,-0.684982195353778,7.9));
#4057=CARTESIAN_POINT('',(2.40329972502292,-0.57,7.89));
#4058=CARTESIAN_POINT('',(2.40329972502292,-0.57,7.9));
#4059=CARTESIAN_POINT('',(1.91567369385885,-1.26110907424381,7.89));
#4060=CARTESIAN_POINT('',(1.97250229147571,-1.18044912923923,7.89));
#4061=CARTESIAN_POINT('',(2.02383134738772,-1.10895508707608,7.89));
#4062=CARTESIAN_POINT('',(2.06782768102658,-1.04296058661778,7.89));
#4063=CARTESIAN_POINT('',(2.17499823732638,-0.882204752168087,7.89));
#4064=CARTESIAN_POINT('',(2.29147571035747,-0.727653528872594,7.89));
#4065=CARTESIAN_POINT('',(2.40329972502292,-0.57,7.89));
#4066=CARTESIAN_POINT('',(2.40329972502292,-0.57,7.89));
#4067=CARTESIAN_POINT('',(2.40329972502292,-0.57,7.89));
#4068=CARTESIAN_POINT('',(2.40329972502292,-0.57,7.89));
#4069=CARTESIAN_POINT('',(2.40329972502292,-0.57,7.89));
#4070=CARTESIAN_POINT('',(2.54017720745494,-0.57,7.89));
#4071=CARTESIAN_POINT('',(2.67705468988696,-0.57,7.89));
#4072=CARTESIAN_POINT('',(2.81393217231897,-0.57,7.89));
#4073=CARTESIAN_POINT('',(2.81393217231897,-0.57,7.89));
#4074=CARTESIAN_POINT('',(2.81393217231897,-0.57,7.89));
#4075=CARTESIAN_POINT('',(2.81393217231897,-0.57,7.89));
#4076=CARTESIAN_POINT('',(2.81393217231897,-0.57,7.89));
#4077=CARTESIAN_POINT('',(2.58783990223037,-0.890195539260617,7.89));
#4078=CARTESIAN_POINT('',(2.36174763214177,-1.21039107852123,7.89));
#4079=CARTESIAN_POINT('',(2.13565536205316,-1.53058661778185,7.89));
#4080=CARTESIAN_POINT('',(2.13565536205316,-1.53058661778185,7.89));
#4081=CARTESIAN_POINT('',(2.13565536205316,-1.53058661778185,7.89));
#4082=CARTESIAN_POINT('',(2.13565536205316,-1.53058661778185,7.89));
#4083=CARTESIAN_POINT('',(2.13565536205316,-1.53058661778185,7.89));
#4084=CARTESIAN_POINT('',(2.37824625725634,-1.8770577451879,7.89));
#4085=CARTESIAN_POINT('',(2.62083715245952,-2.22352887259395,7.89));
#4086=CARTESIAN_POINT('',(2.8634280476627,-2.57,7.89));
#4087=CARTESIAN_POINT('',(2.8634280476627,-2.57,7.89));
#4088=CARTESIAN_POINT('',(2.8634280476627,-2.57,7.89));
#4089=CARTESIAN_POINT('',(2.8634280476627,-2.57,7.89));
#4090=CARTESIAN_POINT('',(2.8634280476627,-2.57,7.89));
#4091=CARTESIAN_POINT('',(2.72716162542011,-2.57,7.89));
#4092=CARTESIAN_POINT('',(2.59089520317751,-2.57,7.89));
#4093=CARTESIAN_POINT('',(2.45462878093492,-2.57,7.89));
#4094=CARTESIAN_POINT('',(2.45462878093492,-2.57,7.89));
#4095=CARTESIAN_POINT('',(2.45462878093492,-2.57,7.89));
#4096=CARTESIAN_POINT('',(2.45462878093492,-2.57,7.89));
#4097=CARTESIAN_POINT('',(2.45462878093492,-2.57,7.9));
#4098=CARTESIAN_POINT('',(2.28183542209483,-2.31384142417565,7.89));
#4099=CARTESIAN_POINT('',(2.28183542209483,-2.31384142417565,7.9));
#4100=CARTESIAN_POINT('',(2.10537357018459,-2.06005663295715,7.89));
#4101=CARTESIAN_POINT('',(2.10537357018459,-2.06005663295715,7.9));
#4102=CARTESIAN_POINT('',(1.94133822181485,-1.7982309807516,7.89));
#4103=CARTESIAN_POINT('',(1.94133822181485,-1.7982309807516,7.9));
#4104=CARTESIAN_POINT('',(2.45462878093492,-2.57,7.89));
#4105=CARTESIAN_POINT('',(2.31530705774519,-2.36346165597311,7.89));
#4106=CARTESIAN_POINT('',(2.17598533455546,-2.15692331194623,7.89));
#4107=CARTESIAN_POINT('',(2.03666361136572,-1.95038496791934,7.89));
#4108=CARTESIAN_POINT('',(2.00321359107731,-1.90079677994792,7.89));
#4109=CARTESIAN_POINT('',(1.97311335166514,-1.84894897647418,7.89));
#4110=CARTESIAN_POINT('',(1.94133822181485,-1.7982309807516,7.89));
#4111=CARTESIAN_POINT('',(1.94133822181485,-1.7982309807516,7.89));
#4112=CARTESIAN_POINT('',(1.94133822181485,-1.7982309807516,7.89));
#4113=CARTESIAN_POINT('',(1.94133822181485,-1.7982309807516,7.89));
#4114=CARTESIAN_POINT('',(1.94133822181485,-1.7982309807516,7.89));
#4115=CARTESIAN_POINT('',(1.76168652612282,-2.05548732050107,7.89));
#4116=CARTESIAN_POINT('',(1.5820348304308,-2.31274366025053,7.89));
#4117=CARTESIAN_POINT('',(1.40238313473877,-2.57,7.89));
#4118=CARTESIAN_POINT('',(1.69299979528517,-0.912600027395631,7.89));
#4119=MECHANICAL_DESIGN_GEOMETRIC_PRESENTATION_REPRESENTATION('',(#1716,
#1717,#1718,#1719,#1720,#1721,#1722,#1723,#1724,#1725,#1726,#1727,#1728,
#1729,#1730,#1731,#1732,#1733,#1734,#1735,#1736,#1737,#1738,#1739,#1740,
#1741,#1742,#1743,#1744,#1745,#1746,#1747,#1748,#1749,#1750,#1751,#1752,
#1753,#1754,#1755,#1756,#1757,#1758,#1759,#1760,#1761,#1762,#1763,#1764,
#1765,#1766,#1767,#1768,#1769,#1770,#1771,#1772,#1773,#1774,#1775,#1776,
#1777,#1778,#1779,#1780,#1781,#1782,#1783,#1784,#1785,#1786,#1787,#1788,
#1789,#1790,#1791,#1792,#1793,#1794,#1795,#1796,#1797,#1798,#1799,#1800,
#1801,#1802,#1803,#1804,#1805,#1806,#1807,#1808,#1809,#1810,#1811,#1812,
#1813,#1814,#1815,#1816),#4120);
#4120=(
GEOMETRIC_REPRESENTATION_CONTEXT(3)
GLOBAL_UNCERTAINTY_ASSIGNED_CONTEXT((#4121))
GLOBAL_UNIT_ASSIGNED_CONTEXT((#4124,#4123,#4122))
REPRESENTATION_CONTEXT('74439369xxx','TOP_LEVEL_ASSEMBLY_PART')
);
#4121=UNCERTAINTY_MEASURE_WITH_UNIT(LENGTH_MEASURE(0.005),#4124,
'DISTANCE_ACCURACY_VALUE','Maximum Tolerance applied to model');
#4122=(
NAMED_UNIT(*)
SI_UNIT($,.STERADIAN.)
SOLID_ANGLE_UNIT()
);
#4123=(
NAMED_UNIT(*)
PLANE_ANGLE_UNIT()
SI_UNIT($,.RADIAN.)
);
#4124=(
LENGTH_UNIT()
NAMED_UNIT(*)
SI_UNIT(.MILLI.,.METRE.)
);
#4125=PRODUCT_DEFINITION_SHAPE('','',#4126);
#4126=PRODUCT_DEFINITION('','',#4128,#4127);
#4127=PRODUCT_DEFINITION_CONTEXT('',#4134,'design');
#4128=PRODUCT_DEFINITION_FORMATION_WITH_SPECIFIED_SOURCE('','',#4130,
 .NOT_KNOWN.);
#4129=PRODUCT_RELATED_PRODUCT_CATEGORY('','',(#4130));
#4130=PRODUCT('74439369xxx','74439369xxx','74439369xxx',(#4132));
#4131=PRODUCT_CATEGORY('','');
#4132=PRODUCT_CONTEXT('',#4134,'mechanical');
#4133=APPLICATION_PROTOCOL_DEFINITION('international standard',
'automotive_design',2010,#4134);
#4134=APPLICATION_CONTEXT(
'core data for automotive mechanical design processes');
ENDSEC;
END-ISO-10303-21;
